situation_id,situation_category,creator_thought,emotional_state,context_channel,desired_outcome,advice_strategy,core_advice_line,expanded_advice,follow_up_prompt_hint,extra_notes
CPAM_001,collaboration_tension,I don't know what to make next.,anxious,music_production,unblock_brainstorm,constraint_play,Shrink the playground: limit yourself on purpose.,Pick one constraint for this session: one mood,one tool,or one rule. Constraints reduce anxiety by shrinking decisions so you can actually play again. Treat this piece like an experiment | not a final verdict on your talent. | Ask: help me use constraint_play for a music_production moment of collaboration_tension.
CPAM_002,stuck_on_idea,My collaborator and I aren't aligned.,quietly_excited,business_ideation,design_small_next_step,tiny_commitment,Promise yourself one tiny visible move,nothing more.,Commit to a step you could finish in ten to fifteen minutes. Once you complete it,you can either stop guilt-free or keep going with momentum. Remember that shipping a small version now often teaches you more than waiting for the perfect moment. | Ask: help me use tiny_commitment for a business_ideation moment of stuck_on_idea.
CPAM_003,sharing_work_nerves,I'm scared to call this finished.,overstimulated,music_songwriting,set_kind_deadline,time_boxing,Put the idea in a short timed box,not a perfect cage.,Decide on a short,specific block of time and protect it. Knowing there is a clear stop makes it easier to start and lowers the pressure to be brilliant. Treat this piece like an experiment | not a final verdict on your talent. | Ask: help me use time_boxing for a music_songwriting moment of sharing_work_nerves.
CPAM_004,low_energy,I feel too tired to be creative.,anxious,graphic_design,regain_motivation,reference_inspiration,Borrow structure from something you already like.,Choose a song,image,or piece of writing you admire. Copy its structure or rhythm loosely | not the content | as scaffolding for your own idea. Remember that shipping a small version now often teaches you more than waiting for the perfect moment. | Ask: help me use reference_inspiration for a graphic_design moment of low_energy.
CPAM_005,overwhelmed_by_options,I have too many ideas and can't choose one.,frustrated,short_form_video,pick_one_idea_to_test,constraint_play,Shrink the playground: limit yourself on purpose.,Pick one constraint for this session: one mood,one tool,or one rule. Constraints reduce anxiety by shrinking decisions so you can actually play again. Remember that shipping a small version now often teaches you more than waiting for the perfect moment. | Ask: help me use constraint_play for a short_form_video moment of overwhelmed_by_options.
CPAM_006,finishing_phase_anxiety,I'm scared to call this finished.,tense,visual_art,finish_current_piece,separate_draft_and_edit,Let messy draft you work,let editor you wait.,Give yourself permission to make a bad version on purpose. Editing becomes much easier and kinder when there is already something on the page. Remember that shipping a small version now often teaches you more than waiting for the perfect moment.,Ask: help me use separate_draft_and_edit for a visual_art moment of finishing_phase_anxiety.
CPAM_007,starting_new_project,I want to start but keep procrastinating.,restless,creative_writing,design_small_next_step,tiny_commitment,Promise yourself one tiny visible move,nothing more.,Commit to a step you could finish in ten to fifteen minutes. Once you complete it,you can either stop guilt-free or keep going with momentum. Remember that shipping a small version now often teaches you more than waiting for the perfect moment. | Ask: help me use tiny_commitment for a creative_writing moment of starting_new_project.
CPAM_008,mid_project_dip,This project suddenly feels boring.,drained,music_production,reconnect_with_why,emotion_first_reflection,Name the feeling before you touch the project.,Pause and write one or two sentences about how you feel right now. Let the project respond to that feeling instead of pretending it is not there. Treat this piece like an experiment,not a final verdict on your talent.,Ask: help me use emotion_first_reflection for a music_production moment of mid_project_dip.
CPAM_009,fear_of_judgment,I'm afraid people will laugh at this.,anxious,short_form_video,reduce_pressure,audience_reframe,Imagine one kind human you are making this for.,Imagine one real or fictional person who would be delighted by this. Creating for one caring witness is less scary than imagining the whole internet. Treat this piece like an experiment,not a final verdict on your talent.,Ask: help me use audience_reframe for a short_form_video moment of fear_of_judgment.
CPAM_010,sharing_work_nerves,Posting this online makes me nervous.,tense,long_form_video,prepare_to_share,audience_reframe,Imagine one kind human you are making this for.,Imagine one real or fictional person who would be delighted by this. Creating for one caring witness is less scary than imagining the whole internet. Remember that shipping a small version now often teaches you more than waiting for the perfect moment.,Ask: help me use audience_reframe for a long_form_video moment of sharing_work_nerves.,
CPAM_011,creative_play,I want to experiment without pressure.,playful,visual_art,regain_motivation,constraint_play,Shrink the playground: limit yourself on purpose.,Pick one constraint for this session: one mood,one tool,or one rule. Constraints reduce anxiety by shrinking decisions so you can actually play again. Treat this piece like an experiment | not a final verdict on your talent. | Ask: help me use constraint_play for a visual_art moment of creative_play.
CPAM_012,collaboration_tension,My collaborator and I aren't aligned.,frustrated,creative_writing,reconnect_with_why,emotion_first_reflection,Name the feeling before you touch the project.,Pause and write one or two sentences about how you feel right now. Let the project respond to that feeling instead of pretending it is not there. Remember that shipping a small version now often teaches you more than waiting for the perfect moment.,Ask: help me use emotion_first_reflection for a creative_writing moment of collaboration_tension.,
CPAM_013,time_pressure,There isn't enough time to do this properly.,anxious,music_songwriting,set_kind_deadline,time_boxing,Put the idea in a short timed box,not a perfect cage.,Decide on a short,specific block of time and protect it. Knowing there is a clear stop makes it easier to start and lowers the pressure to be brilliant. Treat this piece like an experiment | not a final verdict on your talent. | Ask: help me use time_boxing for a music_songwriting moment of time_pressure.
CPAM_014,overwhelmed_by_options,I have too many ideas and can't choose one.,overstimulated,graphic_design,generate_clear_direction,reverse_brief,Flip the problem and write the weirdest opposite brief.,Write a silly or exaggerated opposite version of what you think you should do. Then scan it for one surprising angle you secretly like and keep that. Remember that shipping a small version now often teaches you more than waiting for the perfect moment.,Ask: help me use reverse_brief for a graphic_design moment of overwhelmed_by_options.,
CPAM_015,stuck_on_idea,I don't know what to make next.,calm_but_uncertain,creative_writing,unblock_brainstorm,reference_inspiration,Borrow structure from something you already like.,Choose a song,image,or piece of writing you admire. Copy its structure or rhythm loosely | not the content | as scaffolding for your own idea. Remember that shipping a small version now often teaches you more than waiting for the perfect moment. | Ask: help me use reference_inspiration for a creative_writing moment of stuck_on_idea.
CPAM_016,low_energy,I feel too tired to be creative.,drained,short_form_video,regain_motivation,body_and_breath_break,Move your body and reset your nervous system first.,Stand up,stretch,breathe slowly | or walk for a few minutes. A calmer body often gives you access to clearer | friendlier creative choices. Treat this piece like an experiment | not a final verdict on your talent. | Ask: help me use body_and_breath_break for a short_form_video moment of low_energy.
CPAM_017,finishing_phase_anxiety,I'm scared to call this finished.,restless,visual_art,finish_current_piece,celebrate_micro_wins,Treat every tiny forward step as a win screen.,List the small things you have already done on this project. Mark today’s next step as one more bead on that string instead of a test of your worth. Remember that shipping a small version now often teaches you more than waiting for the perfect moment.,Ask: help me use celebrate_micro_wins for a visual_art moment of finishing_phase_anxiety.,
CPAM_018,fear_of_judgment,I'm afraid people will laugh at this.,tense,lyrics_writing,reduce_pressure,separate_draft_and_edit,Let messy draft you work,let editor you wait.,Give yourself permission to make a bad version on purpose. Editing becomes much easier and kinder when there is already something on the page. Treat this piece like an experiment,not a final verdict on your talent. | Ask: help me use separate_draft_and_edit for a lyrics_writing moment of fear_of_judgment.
CPAM_019,starting_new_project,I want to start but keep procrastinating.,anxious,business_ideation,design_small_next_step,tiny_commitment,Promise yourself one tiny visible move,nothing more.,Commit to a step you could finish in ten to fifteen minutes. Once you complete it,you can either stop guilt-free or keep going with momentum. Remember that shipping a small version now often teaches you more than waiting for the perfect moment. | Ask: help me use tiny_commitment for a business_ideation moment of starting_new_project.
CPAM_020,mid_project_dip,This project suddenly feels boring.,quietly_excited,music_production,reconnect_with_why,reference_inspiration,Borrow structure from something you already like.,Choose a song,image,or piece of writing you admire. Copy its structure or rhythm loosely | not the content | as scaffolding for your own idea. Treat this piece like an experiment | not a final verdict on your talent. | Ask: help me use reference_inspiration for a music_production moment of mid_project_dip.
...,,,,,,,,,,
CPAM_299,creative_play,I want to experiment without pressure.,playful,visual_art,regain_motivation,reference_inspiration,Borrow structure from something you already like.,Choose a song,image,or piece of writing you admire. Copy its structure or rhythm loosely | not the content | as scaffolding for your own idea. Treat this piece like an experiment | not a final verdict on your talent. | Ask: help me use reference_inspiration for a visual_art moment of creative_play.
CPAM_300,collaboration_tension,My collaborator and I aren't aligned.,tense,creative_writing,reconnect_with_why,celebrate_micro_wins,Treat every tiny forward step as a win screen.,List the small things you have already done on this project. Mark today’s next step as one more bead on that string instead of a test of your worth. Remember that shipping a small version now often teaches you more than waiting for the perfect moment.,Ask: help me use celebrate_micro_wins for a creative_writing moment of collaboration_tension.,
CPAM_021,stuck_on_idea,I keep looping the same four bars and nothing moves,frustrated,music_production,unstick_concept,sandbox_session,Open a no rules sandbox session,Duplicate the project or start a fresh file and allow yourself to break every rule. Try strange sounds reckless edits and playful chaos until one small detail makes you curious again.,Ask: help me use sandbox_session for a music_production moment of stuck_on_idea.,
CPAM_022,starting_new_project,The blank DAW session makes me freeze,anxious,music_production,start_session,tiny_commitment,Commit to one sound not a whole song,Choose one drum pattern one chord or one texture. Loop it for ten minutes and let your hands explore without chasing a finished track.,Ask: help me use tiny_commitment for a music_production moment of starting_new_project.,
CPAM_023,finishing_phase_anxiety,I keep tweaking the mix and never printing it,tense,music_production,finish_current_piece,versioning_mindset,Lock this as Version One and move on,Print a bounce and label it clearly as Version One. Promise yourself you can always make Version Two later which makes it easier to call this round good enough.,Ask: help me use versioning_mindset for a music_production moment of finishing_phase_anxiety.,
CPAM_024,mid_project_dip,The song was exciting yesterday now it feels flat,drained,music_songwriting,reconnect_with_why,emotion_first_reflection,Ask why this song mattered when you started,Write a short note to yourself describing what spark made you begin this song. Use that spark as a compass for one new change you will try today.,Ask: help me use emotion_first_reflection for a music_songwriting moment of mid_project_dip.,
CPAM_025,fear_of_judgment,I worry these lyrics sound childish,anxious,lyrics_writing,reduce_pressure,separate_draft_and_edit,Let the childish draft exist on purpose,Give yourself permission to write the most exaggerated childish version first. Later you can calmly trim and reshape lines without attacking your own voice.,Ask: help me use separate_draft_and_edit for a lyrics_writing moment of fear_of_judgment.,
CPAM_026,sharing_work_nerves,Showing this demo to a friend feels scary,tense,music_production,prepare_to_share,audience_reframe,Choose one listener who already roots for you,Imagine sending the track to a specific supportive person not to the entire world. You are offering them a glimpse not asking for a final verdict.,Ask: help me use audience_reframe for a music_production moment of sharing_work_nerves.,
CPAM_027,overwhelmed_by_options,Too many plugins too many presets,overstimulated,music_production,generate_clear_direction,constraint_play,Limit your toolset for one session only,Pick one synth one effect and one drum kit and forbid everything else until this session ends. Simpler choices create clearer ideas.,Ask: help me use constraint_play for a music_production moment of overwhelmed_by_options.,
CPAM_028,low_energy,My ears feel tired and I cannot judge the mix,drained,music_production,regain_motivation,body_and_breath_break,Rest your ears before you judge,Step away for a few minutes breathe slowly and let your body reset. Come back and only make two or three specific mix moves instead of endless tiny tweaks.,Ask: help me use body_and_breath_break for a music_production moment of low_energy.,
CPAM_029,time_pressure,I only have thirty minutes before work,restless,music_songwriting,start_session,time_boxing,Turn this into a tiny timed writing sprint,Set a twenty minute timer and write nonstop without editing. When the timer ends you can walk away proud that you showed up at all.,Ask: help me use time_boxing for a music_songwriting moment of time_pressure.,
CPAM_030,creative_play,I want to write something weird with no goal,playful,music_songwriting,explore_new_direction,safe_to_fail_experiment,Treat this as a song that never has to be heard,Tell yourself clearly that this piece is an experiment that no one is required to hear. Freedom from outcome makes bolder choices feel safe.,Ask: help me use safe_to_fail_experiment for a music_songwriting moment of creative_play.,
CPAM_031,stuck_on_idea,Every melody I try sounds boring,discouraged,music_songwriting,unstick_concept,reference_inspiration,Steal a contour not a melody,Hum along with a favorite song and notice how its melody rises and falls. Then keep that rise and fall but change notes and rhythm until it feels like you.,Ask: help me use reference_inspiration for a music_songwriting moment of stuck_on_idea.,
CPAM_032,imposter_feelings,I feel like a fake compared to real musicians,anxious,music_production,recover_confidence,celebrate_micro_wins,Track your tiny music wins in writing,Make a short list of skills ideas or tracks you have already created. Proof of progress on paper is a quiet antidote to the fake feeling.,Ask: help me use celebrate_micro_wins for a music_production moment of imposter_feelings.,
CPAM_033,scope_creep,This simple beat is turning into a huge project,overwhelmed,music_production,organize_pipeline,design_small_next_step,Decide what belongs to this track and what moves to the next one,Choose one clear identity for this beat and store extra ideas in a new project. Protect this track from needing to be everything.,Ask: help me use design_small_next_step for a music_production moment of scope_creep.,
CPAM_034,starting_new_project,First time opening a new writing document,calm_but_uncertain,creative_writing,start_session,tiny_commitment,Write one messy paragraph as a warmup only,Promise yourself that the first paragraph is pure warmup and will not stay. This lowers pressure and lets your voice loosen.,Ask: help me use tiny_commitment for a creative_writing moment of starting_new_project.,
CPAM_035,stuck_on_idea,My story idea feels thin and small,restless,creative_writing,unstick_concept,question_storm,Ask the idea twenty questions before judging it,Write a rapid list of questions about the situation the characters and the stakes. Often one answer reveals the real heart of the story.,Ask: help me use question_storm for a creative_writing moment of stuck_on_idea.,
CPAM_036,mid_project_dip,The middle of this story drags,frustrated,creative_writing,explore_new_direction,reverse_brief,Flip the story goal and see what breaks,Describe a version where the character wants the opposite of what they want now. Notice which new obstacles and scenes suddenly feel alive.,Ask: help me use reverse_brief for a creative_writing moment of mid_project_dip.,
CPAM_037,finishing_phase_anxiety,I keep editing the first chapter instead of finishing,tense,creative_writing,finish_current_piece,separate_draft_and_edit,Give the early chapters a temporary do not touch sign,Decide that for one week you will only move forward not backward. Jot down quick fix notes in a separate list and keep drafting.,Ask: help me use separate_draft_and_edit for a creative_writing moment of finishing_phase_anxiety.,
CPAM_038,fear_of_judgment,Sharing this chapter with beta readers scares me,anxious,creative_writing,prepare_to_share,audience_reframe,Write a short note to your future kind reader,Preface the draft with a note explaining what kind of feedback you want. Inviting collaboration shifts the feeling from trial to partnership.,Ask: help me use audience_reframe for a creative_writing moment of fear_of_judgment.,
CPAM_039,low_energy,My brain feels foggy when I look at the page,drained,creative_writing,regain_motivation,creative_walk,Walk and narrate ideas out loud to yourself,Take a short walk and speak possible lines or scenes quietly. Movement often shakes loose language that staring at the cursor cannot.,Ask: help me use creative_walk for a creative_writing moment of low_energy.,
CPAM_040,time_pressure,I need a draft by tonight,impatient,creative_writing,start_session,time_boxing,Divide the evening into two short focused sprints,Set two timers with a clear break in between. First sprint for raw drafting second sprint for light shaping only.,Ask: help me use time_boxing for a creative_writing moment of time_pressure.,
CPAM_041,overwhelmed_by_options,I have too many possible angles for this article,overwhelmed,blogging,generate_clear_direction,constraint_play,Choose one reader one promise one angle,Define a single target reader and one promise this article will make to them. Discard any paragraph that does not serve that promise.,Ask: help me use constraint_play for a blogging moment of overwhelmed_by_options.,
CPAM_042,content_calendar_stress,I feel behind on all my posts,anxious,social_media_planning,organize_pipeline,celebrate_micro_wins,Count what is already done before planning more,Write down every piece you have posted this month. Use that list to build a simple pattern not a perfect calendar for the next few weeks.,Ask: help me use celebrate_micro_wins for a social_media_planning moment of content_calendar_stress.,
CPAM_043,starting_new_project,First time planning a content series,quietly_excited,social_media_planning,start_session,design_small_next_step,Design the smallest possible three post arc,Instead of a full year plan sketch only three connected posts that share one theme. You can expand once those three are out.,Ask: help me use design_small_next_step for a social_media_planning moment of starting_new_project.,
CPAM_044,fear_of_judgment,I am scared my followers will dislike a new direction,tense,social_media_planning,reduce_pressure,audience_reframe,Imagine the people who are hungry for this shift,Picture a handful of followers who are bored of your old format and ready for your evolution. Aim the new experiment at them.,Ask: help me use audience_reframe for a social_media_planning moment of fear_of_judgment.,
CPAM_045,creative_play,I want to try a silly post that may flop,playful,social_media_planning,explore_new_direction,safe_to_fail_experiment,Label this openly as an experiment,Tell your audience that this is you playing. When you frame it as a test you lower pressure on both sides and invite curiosity.,Ask: help me use safe_to_fail_experiment for a social_media_planning moment of creative_play.,
CPAM_046,collaboration_tension,My collaborator and I disagree about the brand voice,frustrated,marketing_campaign,reconnect_with_why,emotion_first_reflection,Name what each of you wants the audience to feel,Ask each person to describe in simple words the feeling they hope the audience walks away with. Use the overlap as your shared north star.,Ask: help me use emotion_first_reflection for a marketing_campaign moment of collaboration_tension.,
CPAM_047,scope_creep,This campaign keeps growing new components,overwhelmed,marketing_campaign,organize_pipeline,design_small_next_step,Define a minimum viable campaign for this round,Pick the smallest set of assets that still clearly deliver the message. Park the extra ideas in a future round list.,Ask: help me use design_small_next_step for a marketing_campaign moment of scope_creep.,
CPAM_048,mid_project_dip,The campaign mood feels generic and safe,discouraged,marketing_campaign,explore_new_direction,reverse_brief,Write the wrongest version to jolt new ideas,Describe a parody campaign that completely misses the point. Notice which exaggerated elements secretly excite you and keep one.,Ask: help me use reverse_brief for a marketing_campaign moment of mid_project_dip.,
CPAM_049,imposter_feelings,I feel underqualified to lead this campaign,anxious,marketing_campaign,recover_confidence,celebrate_micro_wins,Inventory the experience that got you here,Write down past projects lessons and small wins that prepared you. Seeing evidence of your path counters the story that you are not ready.,Ask: help me use celebrate_micro_wins for a marketing_campaign moment of imposter_feelings.,
CPAM_050,low_energy,My focus vanishes when I open the brief,drained,marketing_campaign,regain_motivation,body_and_breath_break,Reset your body before wrestling with the brief,Stand stretch breathe slowly and drink water. Approach the brief again with a promise to only clarify the next small decision.,Ask: help me use body_and_breath_break for a marketing_campaign moment of low_energy.,
CPAM_051,starting_new_project,New blank canvas feels intimidating,anxious,visual_art,start_session,tiny_commitment,Fill one corner of the canvas not the whole thing,Choose a small area and let yourself make marks without planning the rest. Once that patch exists the canvas is no longer empty or scary.,Ask: help me use tiny_commitment for a visual_art moment of starting_new_project.,
CPAM_052,stuck_on_idea,Every sketch looks stiff and lifeless,frustrated,visual_art,unstick_concept,sandbox_session,Do a page of throwaway gesture drawings,Set a timer and draw fast loose versions that are not meant to be kept. Speed and play often bring movement back into your lines.,Ask: help me use sandbox_session for a visual_art moment of stuck_on_idea.,
CPAM_053,mid_project_dip,The illustration lost its original vibe,discouraged,visual_art,reconnect_with_why,reference_inspiration,Revisit the image or mood that first inspired you,Look again at your reference moodboard or memory. Pull one strong element color or shape back into the piece to reconnect with that feeling.,Ask: help me use reference_inspiration for a visual_art moment of mid_project_dip.,
CPAM_054,finishing_phase_anxiety,I keep zooming in and overworking tiny details,tense,visual_art,finish_current_piece,versioning_mindset,Save this as a finished version and test changes on a copy,Export or duplicate the file and declare one version complete. Experiment on the copy so you can stop before polish becomes damage.,Ask: help me use versioning_mindset for a visual_art moment of finishing_phase_anxiety.,
CPAM_055,fear_of_judgment,I am nervous about posting this illustration online,anxious,visual_art,prepare_to_share,audience_reframe,Imagine the one person who needs to see this,Think of someone who would feel seen or delighted by the piece. Post for them instead of for a faceless crowd.,Ask: help me use audience_reframe for a visual_art moment of fear_of_judgment.,
CPAM_056,low_energy,My hand feels heavy and unmotivated,drained,visual_art,regain_motivation,body_and_breath_break,Do a physical reset then a tiny doodle,Shake out your hands roll your shoulders and breathe deeply. After that draw a tiny simple shape or character just to re enter motion.,Ask: help me use body_and_breath_break for a visual_art moment of low_energy.,
CPAM_057,overwhelmed_by_options,Too many color palettes to choose from,overstimulated,visual_art,generate_clear_direction,constraint_play,Pick one palette source and commit for this piece,Decide to use colors only from one reference photo one brand palette or one limited triad. Limitations create harmony.,Ask: help me use constraint_play for a visual_art moment of overwhelmed_by_options.,
CPAM_058,creative_play,I want to explore a new style without breaking my portfolio,playful,visual_art,explore_new_direction,safe_to_fail_experiment,Create a hidden folder just for wild experiments,Give yourself a private place to store style tests that are not part of your public body of work. Freedom there will eventually feed the main work.,Ask: help me use safe_to_fail_experiment for a visual_art moment of creative_play.,
CPAM_059,starting_new_project,New game idea feels too big to start,overwhelmed,game_design,start_session,design_small_next_step,Prototype one tiny mechanic not a full game,Choose the single interaction that excites you most and build a rough test only for that. You can layer story and art later.,Ask: help me use design_small_next_step for a game_design moment of starting_new_project.,
CPAM_060,stuck_on_idea,The core loop is not fun yet,frustrated,game_design,unstick_concept,question_storm,Interrogate why a player would repeat this action,Write questions about reward risk surprise and progression. Use answers to adjust timing feedback and challenge until one variation feels alive.,Ask: help me use question_storm for a game_design moment of stuck_on_idea.,
CPAM_061,mid_project_dip,The prototype works but I feel bored by it,discouraged,game_design,explore_new_direction,reverse_brief,Imagine a version that deliberately breaks the genre rules,Describe a wrong version that ignores expectations. Borrow one strange twist from that wrong version and inject it into your current loop.,Ask: help me use reverse_brief for a game_design moment of mid_project_dip.,
CPAM_062,scope_creep,The game design document is ballooning,overwhelmed,game_design,organize_pipeline,design_small_next_step,Define a tiny vertical slice as the only goal,Decide on one level or scenario that shows the core experience. Delay extra features until that slice feels complete.,Ask: help me use design_small_next_step for a game_design moment of scope_creep.,
CPAM_063,finishing_phase_anxiety,I keep polishing menus instead of shipping,tense,game_design,finish_current_piece,versioning_mindset,Ship a stable build then schedule a polish pass,Freeze one build as release candidate and list remaining polish items separately. Ship first then improve in calm updates.,Ask: help me use versioning_mindset for a game_design moment of finishing_phase_anxiety.,
CPAM_064,imposter_feelings,I feel like a hobbyist not a real designer,anxious,game_design,recover_confidence,celebrate_micro_wins,Count real players and real moments of fun,Write down every time someone played your prototype or commented on it. Those experiences are proof of real design not imaginary status.,Ask: help me use celebrate_micro_wins for a game_design moment of imposter_feelings.,
CPAM_065,starting_new_project,A new coding project scares me at setup,tense,coding_project,start_session,tiny_commitment,Set up the bare minimum environment only,Limit this session to creating the repo installing one dependency and running hello world. Small wins make the codebase feel friendlier.,Ask: help me use tiny_commitment for a coding_project moment of starting_new_project.,
CPAM_066,stuck_on_idea,I do not know how to architect this feature,restless,coding_project,unstick_concept,question_storm,Ask the feature what problems it must actually solve,Write down questions about inputs outputs constraints and failure modes. Often clarity on these answers suggests a simple first structure.,Ask: help me use question_storm for a coding_project moment of stuck_on_idea.,
CPAM_067,mid_project_dip,The codebase feels messy and heavy,drained,coding_project,reconnect_with_why,emotion_first_reflection,Name what frustrates you before refactoring,Describe in simple language what feels painful when you work in this code. Use that list to choose one small refactor instead of a full rewrite.,Ask: help me use emotion_first_reflection for a coding_project moment of mid_project_dip.,
CPAM_068,scope_creep,Every feature request gets added instantly,overwhelmed,coding_project,organize_pipeline,design_small_next_step,Create a later list and protect the current milestone,Move non essential ideas to a clearly labeled later list. Commit to finishing the current milestone before pulling new items in.,Ask: help me use design_small_next_step for a coding_project moment of scope_creep.,
CPAM_069,finishing_phase_anxiety,Tests are almost done but I keep delaying release,anxious,coding_project,finish_current_piece,time_boxing,Schedule a short final review window and then release,Decide on a limited period for last checks. When the timer ends you release the build and log any remaining worries as future tasks.,Ask: help me use time_boxing for a coding_project moment of finishing_phase_anxiety.,
CPAM_070,fear_of_judgment,I am nervous to show this tool to other developers,tense,coding_project,prepare_to_share,audience_reframe,Share it first with a friendly technical peer,Pick someone who understands learning curves and invite them to try it. Frame it as a work in progress not a finished product.,Ask: help me use audience_reframe for a coding_project moment of fear_of_judgment.,
CPAM_071,low_energy,Staring at the code makes my eyes blur,drained,coding_project,regain_motivation,body_and_breath_break,Step away and plan one small commit in your head,Take a short break to move and breathe. Decide on exactly one small change before you sit down again.,Ask: help me use body_and_breath_break for a coding_project moment of low_energy.,
CPAM_072,creative_play,I want to tinker with code without breaking production,playful,coding_project,explore_new_direction,safe_to_fail_experiment,Open a separate playground branch just for experiments,Create a branch where you are free to push messy or wild ideas. Knowing production is safe encourages real exploration.,Ask: help me use safe_to_fail_experiment for a coding_project moment of creative_play.,
CPAM_073,starting_new_project,Launching my first podcast feels huge,quietly_excited,podcasting,start_session,design_small_next_step,Design a single pilot episode not a full season,Outline one episode with a simple structure instead of planning a whole series. You can learn and adjust once that pilot is recorded.,Ask: help me use design_small_next_step for a podcasting moment of starting_new_project.,
CPAM_074,stuck_on_idea,I do not know what topic to choose next,restless,podcasting,unstick_concept,question_storm,Brainstorm questions your audience keeps asking,Write a list of real questions you hear often. Choose the one that feels most alive and build an episode around answering it.,Ask: help me use question_storm for a podcasting moment of stuck_on_idea.,
CPAM_075,mid_project_dip,The episode outline feels dull,discouraged,podcasting,explore_new_direction,reference_inspiration,Study a favorite show and borrow its segment rhythm,Listen to an episode you love and notice how segments flow. Adapt that pacing with your own topics.,Ask: help me use reference_inspiration for a podcasting moment of mid_project_dip.,
CPAM_076,finishing_phase_anxiety,I keep re recording the same intro,tense,podcasting,finish_current_piece,versioning_mindset,Choose one good enough take and move forward,Pick the clearest warmest take not the perfect one. Mark it as final and put your energy into the rest of the episode.,Ask: help me use versioning_mindset for a podcasting moment of finishing_phase_anxiety.,
CPAM_077,fear_of_judgment,My voice sounds strange to me on recordings,anxious,podcasting,reduce_pressure,emotion_first_reflection,Notice what you actually like about your voice too,Write a short note about qualities you appreciate like warmth clarity or humor. Balancing the critique softens the discomfort.,Ask: help me use emotion_first_reflection for a podcasting moment of fear_of_judgment.,
CPAM_078,low_energy,I feel drained when editing audio,drained,podcasting,regain_motivation,time_boxing,Edit in small focused passes not one marathon,Give yourself a short timer to tackle one type of edit such as cutting silences. Stop when the timer ends and rest.,Ask: help me use time_boxing for a podcasting moment of low_energy.,
CPAM_079,creative_play,I want to try a new format without confusing listeners,playful,podcasting,explore_new_direction,safe_to_fail_experiment,Introduce the new format as a playful special,Announce clearly that this is a special experimental episode. Listeners will be more open when they know you are trying something.,Ask: help me use safe_to_fail_experiment for a podcasting moment of creative_play.,
CPAM_080,collaboration_tension,My co host and I keep talking over each other,frustrated,podcasting,reconnect_with_why,emotion_first_reflection,Agree on shared values for how you want the show to feel,Discuss how you both want conversations to feel for listeners and for yourselves. Use those values to design light structure or cues.,Ask: help me use emotion_first_reflection for a podcasting moment of collaboration_tension.,
CPAM_081,starting_new_project,This new photo series feels vague,calm_but_uncertain,photography,start_session,design_small_next_step,Define one clear question for this shoot,Write a short question you want this series to explore and let each shot try to answer it instead of chasing general beauty,Ask: help me use design_small_next_step for a photography moment of starting_new_project.,
CPAM_082,stuck_on_idea,Every composition looks the same,frustrated,photography,unstick_concept,sandbox_session,Change one big variable on purpose,Choose one element to flip such as angle lens or distance and shoot many variations only with that change until something feels fresh,Ask: help me use sandbox_session for a photography moment of stuck_on_idea.,
CPAM_083,mid_project_dip,The photos technically work but feel empty,discouraged,photography,reconnect_with_why,emotion_first_reflection,Ask what emotion you want the viewer to feel,Write down one word for the emotion then reshoot or re edit one frame to amplify that specific feeling,Ask: help me use emotion_first_reflection for a photography moment of mid_project_dip.,
CPAM_084,finishing_phase_anxiety,I keep re editing the same image,tense,photography,finish_current_piece,versioning_mindset,Save one final version and archive the rest,Export a version you could live with and label it final then move older edits to an archive so they stop calling you back,Ask: help me use versioning_mindset for a photography moment of finishing_phase_anxiety.,
CPAM_085,fear_of_judgment,I worry my photos look amateur,anxious,photography,reduce_pressure,celebrate_micro_wins,Spot the progress not only the flaws,Compare your latest work with older shots and list three areas where you have clearly grown to balance your internal critic,Ask: help me use celebrate_micro_wins for a photography moment of fear_of_judgment.,
CPAM_086,sharing_work_nerves,Posting this series feels like too big a step,tense,photography,prepare_to_share,tiny_commitment,Share one image as a soft test,Choose one photo and share it with a small circle or low stakes platform first and treat feedback as data not judgment,Ask: help me use tiny_commitment for a photography moment of sharing_work_nerves.,
CPAM_087,low_energy,My eyes feel tired while culling shots,drained,photography,regain_motivation,body_and_breath_break,Rest your eyes and decide one tiny decision,Look away from the screen for a few minutes then return only to pick keep or discard for a small batch of images,Ask: help me use body_and_breath_break for a photography moment of low_energy.,
CPAM_088,overwhelmed_by_options,I have too many shots to choose from,overwhelmed,photography,generate_clear_direction,constraint_play,Define one selection rule and follow it,Choose a simple rule such as focus on faces or leading lines and keep only images that satisfy it for this round,Ask: help me use constraint_play for a photography moment of overwhelmed_by_options.,
CPAM_089,creative_play,I want to explore abstract photography,playful,photography,explore_new_direction,safe_to_fail_experiment,Give yourself a session where nothing must be usable,Schedule a shoot that exists only to try blur reflections and strange angles and allow every frame to be throwaway if needed,Ask: help me use safe_to_fail_experiment for a photography moment of creative_play.,
CPAM_090,collaboration_tension,The model and I are not clicking,restless,photography,reconnect_with_why,emotion_first_reflection,Align on the mood before the next shot,Pause to chat and name together how the images should feel then take a few test frames that aim only at that shared mood,Ask: help me use emotion_first_reflection for a photography moment of collaboration_tension.,
CPAM_091,starting_new_project,I want to choreograph a piece but feel lost,calm_but_uncertain,dance_choreography,start_session,design_small_next_step,Choreograph ten seconds not the full piece,Pick one song segment and design a tiny sequence without worrying how the rest will go and let it be the seed,Ask: help me use design_small_next_step for a dance_choreography moment of starting_new_project.,
CPAM_092,stuck_on_idea,Every move I try feels recycled,frustrated,dance_choreography,unstick_concept,sandbox_session,Move in a way that feels wrong for you,Put on music and intentionally move in a style that feels unlike you then keep any surprising shapes that show up,Ask: help me use sandbox_session for a dance_choreography moment of stuck_on_idea.,
CPAM_093,mid_project_dip,The middle of the choreography drags,discouraged,dance_choreography,explore_new_direction,reverse_brief,Imagine the character making the opposite choice,Ask what the dancer would do if they wanted the opposite outcome and see if that shift gives you a more dynamic phrase,Ask: help me use reverse_brief for a dance_choreography moment of mid_project_dip.,
CPAM_094,finishing_phase_anxiety,I keep changing tiny transitions,tense,dance_choreography,finish_current_piece,versioning_mindset,Freeze one version and test it in full,Choose a set of transitions and run the whole piece without edits and only note how it feels instead of fixing in real time,Ask: help me use versioning_mindset for a dance_choreography moment of finishing_phase_anxiety.,
CPAM_095,fear_of_judgment,I am scared to show this piece to my group,anxious,dance_choreography,prepare_to_share,audience_reframe,Think of the rehearsal as a lab not a stage,Frame the first share as an experiment where everyone can react and suggest rather than as a premiere of a finished work,Ask: help me use audience_reframe for a dance_choreography moment of fear_of_judgment.,
CPAM_096,low_energy,My body feels heavy today,drained,dance_choreography,regain_motivation,body_and_breath_break,Warm up with gentle playful movement first,Give yourself a slow warm up that includes stretches and easy grooves before you demand precision from your body,Ask: help me use body_and_breath_break for a dance_choreography moment of low_energy.,
CPAM_097,overwhelmed_by_options,Too many song choices for this piece,overwhelmed,dance_choreography,generate_clear_direction,constraint_play,Pick one song that fits the emotional spine,Return to the emotion you want to express and select the track that best holds that feeling and stick with it for this round,Ask: help me use constraint_play for a dance_choreography moment of overwhelmed_by_options.,
CPAM_098,creative_play,I want to improvise more freely,playful,dance_choreography,explore_new_direction,creative_walk,Take a walk and translate it into movement,Notice how your body moves during a walk then exaggerate and stylize those natural motions back in the studio,Ask: help me use creative_walk for a dance_choreography moment of creative_play.,
CPAM_099,collaboration_tension,The dancers interpret cues differently,restless,dance_choreography,reconnect_with_why,emotion_first_reflection,Clarify shared images and intentions in words,Ask each dancer what picture they hold for a section and align on a simple shared image before you try again,Ask: help me use emotion_first_reflection for a dance_choreography moment of collaboration_tension.,
CPAM_100,performance_stress,I feel pressure before the first show,tense,dance_choreography,reduce_pressure,time_boxing,Focus only on the next entrance and exit,Instead of holding the entire show in your mind focus on one entrance one phrase and one exit at a time,Ask: help me use time_boxing for a dance_choreography moment of performance_stress.,
CPAM_101,starting_new_project,Writing my first standup set feels huge,calm_but_uncertain,standup_comedy,start_session,tiny_commitment,Write three short bits rather than a full set,Give yourself the task of writing three possible jokes or premises and let the idea of a full show wait,Ask: help me use tiny_commitment for a standup_comedy moment of starting_new_project.,
CPAM_102,stuck_on_idea,Nothing I write feels funny,frustrated,standup_comedy,unstick_concept,question_storm,Ask many questions about one annoying situation,Pick one small frustration and write as many questions as possible about why it happens and what could go wrong and mine those for angles,Ask: help me use question_storm for a standup_comedy moment of stuck_on_idea.,
CPAM_103,mid_project_dip,My set sounds flat when I read it,discouraged,standup_comedy,reconnect_with_why,emotion_first_reflection,Read the jokes out loud and notice your own feelings,Perform the bits to yourself and mark which lines make you smile or wince and adjust around those reactions,Ask: help me use emotion_first_reflection for a standup_comedy moment of mid_project_dip.,
CPAM_104,finishing_phase_anxiety,I keep rewriting the same punchline,tense,standup_comedy,finish_current_piece,versioning_mindset,Lock this version for the next mic night,Choose one variation you believe in and commit to testing it live before changing it again,Ask: help me use versioning_mindset for a standup_comedy moment of finishing_phase_anxiety.,
CPAM_105,fear_of_judgment,I am afraid the audience will hate me,anxious,standup_comedy,reduce_pressure,audience_reframe,Picture one friendly face in the crowd,Imagine telling the set to a supportive friend and aim your delivery at them during the show,Ask: help me use audience_reframe for a standup_comedy moment of fear_of_judgment.,
CPAM_106,low_energy,I feel sluggish before going on stage,drained,standup_comedy,regain_motivation,body_and_breath_break,Do a brief warm up for body and voice,Shake out your limbs breathe deeply and say a few lines backstage to wake up your delivery,Ask: help me use body_and_breath_break for a standup_comedy moment of low_energy.,
CPAM_107,overwhelmed_by_options,I have too many bits and no order,overwhelmed,standup_comedy,generate_clear_direction,constraint_play,Choose one theme to thread the set,Pick a simple through line such as dating or work and arrange bits that support that theme then trim the rest for later,Ask: help me use constraint_play for a standup_comedy moment of overwhelmed_by_options.,
CPAM_108,creative_play,I want to experiment with crowd work,playful,standup_comedy,explore_new_direction,safe_to_fail_experiment,Reserve a small part of the set for experiments,Decide in advance which minute of your set is for gentle crowd interaction and treat any awkwardness as research,Ask: help me use safe_to_fail_experiment for a standup_comedy moment of creative_play.,
CPAM_109,collaboration_tension,My writing partner and I disagree on tone,restless,standup_comedy,reconnect_with_why,emotion_first_reflection,Name what kind of laughter you both want,Discuss whether you want playful warm or sharp laughter and use that shared intention to guide which jokes stay,Ask: help me use emotion_first_reflection for a standup_comedy moment of collaboration_tension.,
CPAM_110,performance_stress,My last set bombed and I feel shaky,discouraged,standup_comedy,recover_confidence,celebrate_micro_wins,Extract small wins from the rough show,Write down any moments that did work such as one chuckle or one smooth transition and use them as proof you can land laughs again,Ask: help me use celebrate_micro_wins for a standup_comedy moment of performance_stress.,
CPAM_111,starting_new_project,This sales page is a blank screen,anxious,sales_page,start_session,design_small_next_step,Write a rough promise sentence first,Describe in one simple sentence what changes for the reader if they say yes and let that line guide the rest,Ask: help me use design_small_next_step for a sales_page moment of starting_new_project.,
CPAM_112,stuck_on_idea,I do not know which benefit to highlight,restless,sales_page,unstick_concept,question_storm,Ask what problem hurts the reader most,Write questions about what keeps them stuck and which outcome would feel like real relief and choose the strongest answer as headline,Ask: help me use question_storm for a sales_page moment of stuck_on_idea.,
CPAM_113,mid_project_dip,The copy reads flat and generic,discouraged,sales_page,reconnect_with_why,reference_inspiration,Study a page you admire for rhythm,Read a favorite piece of copy and notice sentence length and energy then mirror that rhythm while telling your own story,Ask: help me use reference_inspiration for a sales_page moment of mid_project_dip.,
CPAM_114,finishing_phase_anxiety,I keep changing tiny words in the headline,tense,sales_page,finish_current_piece,versioning_mindset,Choose a version and test it in the real world,Pick one headline and publish the page then log other ideas as future tests instead of invisible edits,Ask: help me use versioning_mindset for a sales_page moment of finishing_phase_anxiety.,
CPAM_115,fear_of_judgment,I feel pushy selling my work,anxious,sales_page,reduce_pressure,audience_reframe,Frame the page as a clear invitation,Remember you are offering a path to a result not forcing anyone and write as if to a thoughtful friend deciding for themselves,Ask: help me use audience_reframe for a sales_page moment of fear_of_judgment.,
CPAM_116,low_energy,My brain fogs while writing benefits,drained,sales_page,regain_motivation,body_and_breath_break,Step away and then write in bullet fragments,Take a short break then list rough fragment benefits without polishing sentences and refine later,Ask: help me use body_and_breath_break for a sales_page moment of low_energy.,
CPAM_117,overwhelmed_by_options,Too many ideas for sections,overwhelmed,sales_page,generate_clear_direction,constraint_play,Limit the page to three main sections,Choose only problem solution and proof for this version and move extra ideas into a side file,Ask: help me use constraint_play for a sales_page moment of overwhelmed_by_options.,
CPAM_118,creative_play,I want to try a different voice in my copy,playful,sales_page,explore_new_direction,safe_to_fail_experiment,Write a playful alternate version in a sandbox,Create a separate draft where you exaggerate a new tone and see what lines still feel true enough to bring back,Ask: help me use safe_to_fail_experiment for a sales_page moment of creative_play.,
CPAM_119,collaboration_tension,The client keeps changing the brief,frustrated,sales_page,reconnect_with_why,emotion_first_reflection,Clarify the outcome they care about most,Ask the client to state the single result they want readers to feel excited about and center the copy on that to reduce churn,Ask: help me use emotion_first_reflection for a sales_page moment of collaboration_tension.,
CPAM_120,scope_creep,The page is turning into a whole website,overwhelmed,sales_page,organize_pipeline,design_small_next_step,Decide what belongs here and what is a later asset,Define this page as one clear job and move extra sections into a future plan so this piece can finish,Ask: help me use design_small_next_step for a sales_page moment of scope_creep.,
CPAM_121,starting_new_project,Our brand story feels hard to explain,calm_but_uncertain,brand_strategy,start_session,design_small_next_step,Write a simple origin story in plain language,Describe how this thing began as if talking to a friend at a cafe and ignore polish for now,Ask: help me use design_small_next_step for a brand_strategy moment of starting_new_project.,
CPAM_122,stuck_on_idea,We do not know what makes this brand distinct,restless,brand_strategy,unstick_concept,question_storm,Ask what this brand refuses to do,List things the brand never wants to be or say and use that edge to reveal what it stands for,Ask: help me use question_storm for a brand_strategy moment of stuck_on_idea.,
CPAM_123,mid_project_dip,The messaging deck feels like corporate noise,discouraged,brand_strategy,reconnect_with_why,emotion_first_reflection,Name the real human change at the center,Write one sentence about how a real person is different after engaging and use that as a filter,Ask: help me use emotion_first_reflection for a brand_strategy moment of mid_project_dip.,
CPAM_124,finishing_phase_anxiety,We keep tweaking the tagline without end,tense,brand_strategy,finish_current_piece,versioning_mindset,Pick a working tagline for this season,Choose a line that is clear enough and decide it will live for one season before review,Ask: help me use versioning_mindset for a brand_strategy moment of finishing_phase_anxiety.,
CPAM_125,fear_of_judgment,The team fears negative reactions to a bolder voice,anxious,brand_strategy,reduce_pressure,audience_reframe,Picture the people who will feel seen by this move,Imagine the group that has been bored by safe messaging and design the voice as a gift to them,Ask: help me use audience_reframe for a brand_strategy moment of fear_of_judgment.,
CPAM_126,low_energy,Strategy workshops feel draining,drained,brand_strategy,regain_motivation,body_and_breath_break,Shorten sessions and add movement,Plan shorter working blocks with stretch breaks and use post it walks to keep energy flowing,Ask: help me use body_and_breath_break for a brand_strategy moment of low_energy.,
CPAM_127,overwhelmed_by_options,Too many possible brand pillars,overwhelmed,brand_strategy,generate_clear_direction,constraint_play,Limit to three pillars that truly matter,Choose the three pillars that most change decisions and let the rest fall under them,Ask: help me use constraint_play for a brand_strategy moment of overwhelmed_by_options.,
CPAM_128,creative_play,We want to test a wild campaign idea,playful,brand_strategy,explore_new_direction,safe_to_fail_experiment,Run it as a small pilot not a full rebrand,Choose one channel or audience slice for the bold concept and collect learnings before scaling,Ask: help me use safe_to_fail_experiment for a brand_strategy moment of creative_play.,
CPAM_129,collaboration_tension,Leadership and creative disagree on direction,frustrated,brand_strategy,reconnect_with_why,emotion_first_reflection,Align on the change the brand exists to create,Ask each side to describe the change in one sentence and use overlaps to guide decisions,Ask: help me use emotion_first_reflection for a brand_strategy moment of collaboration_tension.,
CPAM_130,scope_creep,The strategy document keeps expanding,overwhelmed,brand_strategy,organize_pipeline,design_small_next_step,Decide the minimum artifacts needed now,Choose a short narrative and one page summary as must haves and log other ideas as later upgrades,Ask: help me use design_small_next_step for a brand_strategy moment of scope_creep.,
CPAM_131,starting_new_project,Designing my first online course feels huge,calm_but_uncertain,course_design,start_session,design_small_next_step,Map the start and end before details,Write a simple sentence for where students begin and another for where they end then sketch three steps between,Ask: help me use design_small_next_step for a course_design moment of starting_new_project.,
CPAM_132,stuck_on_idea,I do not know which lessons to include,restless,course_design,unstick_concept,question_storm,Ask what skills students must have at the end,List concrete actions they should be able to do and design lessons that unlock each action,Ask: help me use question_storm for a course_design moment of stuck_on_idea.,
CPAM_133,mid_project_dip,The modules feel dense and tiring,discouraged,course_design,reconnect_with_why,emotion_first_reflection,Name the feeling you want learners to have,Decide whether you aim for relief momentum or curiosity and adjust activities to serve that feeling,Ask: help me use emotion_first_reflection for a course_design moment of mid_project_dip.,
CPAM_134,finishing_phase_anxiety,I keep rewriting lesson scripts,tense,course_design,finish_current_piece,versioning_mindset,Record one draft version and learn from it,Record a simple run through and treat it as a test so you can improve based on reality instead of endless edits on paper,Ask: help me use versioning_mindset for a course_design moment of finishing_phase_anxiety.,
CPAM_135,fear_of_judgment,I am worried students will be disappointed,anxious,course_design,reduce_pressure,audience_reframe,Design the course for one real student you know,Picture a specific person who would benefit and shape stories and examples for them rather than an abstract crowd,Ask: help me use audience_reframe for a course_design moment of fear_of_judgment.,
CPAM_136,low_energy,Course planning sessions drain me,drained,course_design,regain_motivation,body_and_breath_break,Alternate planning with short energizing breaks,Use timers to plan in short bursts with walks stretches or music between to keep your mind fresh,Ask: help me use body_and_breath_break for a course_design moment of low_energy.,
CPAM_137,overwhelmed_by_options,Too many tools and platforms to choose from,overwhelmed,course_design,generate_clear_direction,constraint_play,Pick one primary delivery format for now,Decide whether this version is video text or live first and choose tools that fit that single choice,Ask: help me use constraint_play for a course_design moment of overwhelmed_by_options.,
CPAM_138,creative_play,I want to try an unusual lesson format,playful,course_design,explore_new_direction,safe_to_fail_experiment,Test the new format in one optional lesson,Create one bonus lesson that experiments with the format and invite feedback before making it core,Ask: help me use safe_to_fail_experiment for a course_design moment of creative_play.,
CPAM_139,collaboration_tension,Co instructors have different teaching styles,restless,course_design,reconnect_with_why,emotion_first_reflection,Agree on shared values for the learner experience,Discuss what kind of space you want to hold for students and let that shape how styles can complement each other,Ask: help me use emotion_first_reflection for a course_design moment of collaboration_tension.,
CPAM_140,personal_reflection,I feel lost about my creative direction overall,discouraged,journaling,reconnect_with_why,emotion_first_reflection,Write a letter from your future creative self,Imagine a future version of you who has found a satisfying path and let them describe to you what you kept and what you gently let go,Ask: help me use emotion_first_reflection for a journaling moment of personal_reflection.,
CPAM_141,creative_identity_doubt,I am not sure if I am really a creative person,discouraged,journaling,recover_confidence,celebrate_micro_wins,Collect proof that you already create,Write down small creative acts from the last months such as messages photos playlists or ideas and let that list challenge the story that you are not creative,Ask: help me use celebrate_micro_wins for a journaling moment of creative_identity_doubt.,
CPAM_142,values_confusion,I do not know what my art stands for,calm_but_uncertain,journaling,reconnect_with_why,question_storm,Ask what you say yes and no to,Write questions about what you love what you refuse and what you never get tired of and use the answers as seeds of your creative values,Ask: help me use question_storm for a journaling moment of values_confusion.,
CPAM_143,perfectionism_cycle,I keep judging every idea before it starts,tense,journaling,reduce_pressure,separate_draft_and_edit,Give yourself one page where nothing can be wrong,Fill a page with ideas stated quickly without evaluation and promise that judging will happen only after the page is full,Ask: help me use separate_draft_and_edit for a journaling moment of perfectionism_cycle.,
CPAM_144,decision_fatigue,There are too many possible paths for my career,overwhelmed,journaling,generate_clear_direction,constraint_play,Limit yourself to three possible paths for now,Choose three paths that feel most alive and explore only those on paper while letting other options rest for this season,Ask: help me use constraint_play for a journaling moment of decision_fatigue.,
CPAM_145,creative_burnout_signs,Everything I make feels dull right now,drained,journaling,regain_motivation,body_and_breath_break,Give your body real rest before demanding ideas,Block a short period for sleep movement or quiet with no input and treat this as investment in future work not laziness,Ask: help me use body_and_breath_break for a journaling moment of creative_burnout_signs.,
CPAM_146,long_term_vision,I cannot see where my practice is going,restless,journaling,design_small_next_step,tiny_commitment,Choose a direction for the next month only,Instead of planning a lifetime choose one simple creative focus for the next few weeks and let that be enough,Ask: help me use tiny_commitment for a journaling moment of long_term_vision.,
CPAM_147,envy_comparison,I feel jealous of other creators online,anxious,journaling,reduce_pressure,emotion_first_reflection,Let envy point to what you secretly want,Write about what their work has that you desire and translate that into a concrete wish for your own projects,Ask: help me use emotion_first_reflection for a journaling moment of envy_comparison.,
CPAM_148,identity_shift,I am changing styles and it feels scary,quietly_excited,journaling,recover_confidence,safe_to_fail_experiment,Treat this shift as a season not a verdict,Give yourself permission to explore the new style for a defined period while keeping the old skills in your pocket,Ask: help me use safe_to_fail_experiment for a journaling moment of identity_shift.,
CPAM_149,returning_after_break,I have not made anything in months and feel rusty,tense,journaling,regain_motivation,tiny_commitment,Return with the smallest possible creative act,Choose something tiny like one paragraph one doodle or one photograph and let that count as a full return day,Ask: help me use tiny_commitment for a journaling moment of returning_after_break.,
CPAM_150,scattered_focus,my attention is split between many projects,overwhelmed,journaling,organize_pipeline,design_small_next_step,Decide which project gets love this week,Choose one project as the main container for this week and write one precise step you will take for it,Ask: help me use design_small_next_step for a journaling moment of scattered_focus.,
CPAM_151,studio_clutter,My workspace feels chaotic and heavy,drained,workspace,create_supportive_environment,declutter_ritual,Clear one small zone to signal fresh start,Pick a tiny area like your desk corner and tidy it while imagining you are preparing it for someone you care about,Ask: help me use declutter_ritual for a workspace moment of studio_clutter.,
CPAM_152,distraction_habit,I keep reaching for my phone mid session,restless,workspace,create_supportive_environment,friction_design,Make focus the easy option not the hard one,Place your phone in another room or a box and prepare your tools in advance so starting work takes fewer steps than scrolling,Ask: help me use friction_design for a workspace moment of distraction_habit.,
CPAM_153,unsupportive_routine,My schedule never leaves room for art,overwhelmed,workspace,design_small_next_step,time_boxing,Reserve a small recurring block for your craft,Choose a realistic time slot even if short and protect it like an appointment with someone important,Ask: help me use time_boxing for a workspace moment of unsupportive_routine.,
CPAM_154,lack_of_ritual,I drop into work without any transition,anxious,workspace,create_supportive_environment,entry_ritual,Create a simple start signal for your brain,Light a candle play a specific track or open a dedicated notebook to mark the shift into creative mode,Ask: help me use entry_ritual for a workspace moment of lack_of_ritual.,
CPAM_155,noise_overload,My environment is too loud to focus,frustrated,workspace,create_supportive_environment,constraint_play,Limit sound to one intentional layer,Choose either silence noise blockers or one playlist and treat changing audio as a decision not a default reaction,Ask: help me use constraint_play for a workspace moment of noise_overload.,
CPAM_156,too_much_input,I scroll for inspiration and end up numb,overstimulated,workspace,regain_motivation,input_diet,Set a clear boundary around inspiration time,Give yourself a short time limited window for looking at others work then switch to making your own,Ask: help me use input_diet for a workspace moment of too_much_input.,
CPAM_157,lack_of_tools,My tools feel outdated and demotivating,discouraged,workspace,regain_motivation,celebrate_micro_wins,Upgrade one small tool or element,Choose a tiny affordable improvement such as better paper a new cable or reorganized brushes to send a signal that your craft matters,Ask: help me use celebrate_micro_wins for a workspace moment of lack_of_tools.,
CPAM_158,creative_isolation,I feel alone in my practice,discouraged,community,seek_connection,tiny_outreach,Reach out to one fellow creative in a gentle way,Send a short honest message to someone whose work you like and share one sentence about what you are making,Ask: help me use tiny_outreach for a community moment of creative_isolation.,
CPAM_159,feedback_gap,I never get thoughtful feedback,restless,community,seek_connection,ask_for_specifics,Ask for one clear type of response,When you share work invite a specific lens such as pacing color or structure so people know how to help,Ask: help me use ask_for_specifics for a community moment of feedback_gap.,
CPAM_160,comparison_loop,Everyone in my circle seems ahead,anxious,community,reduce_pressure,audience_reframe,See peers as mirrors not rulers,Remind yourself that their progress points to what is possible for you instead of what you lack and note what you genuinely learn from them,Ask: help me use audience_reframe for a community moment of comparison_loop.,
CPAM_161,collab_hesitation,I want to collaborate but feel shy,tense,community,seek_connection,tiny_outreach,Propose a very small shared experiment,Invite someone to join a micro project like a single track a shared post or a tiny zine rather than a huge collaboration,Ask: help me use tiny_outreach for a community moment of collab_hesitation.,
CPAM_162,group_dynamics,I feel overshadowed in group projects,discouraged,community,recover_confidence,emotion_first_reflection,Name your strengths before the next meeting,Write down what you bring such as clarity humor editing or structure and look at the list before joining the group,Ask: help me use emotion_first_reflection for a community moment of group_dynamics.,
CPAM_163,audience_confusion,I do not know who I am making this for,calm_but_uncertain,audience_mapping,generate_clear_direction,one_person_avatar,Describe one real or imagined person in detail,Write about their day worries and joys and imagine talking directly to them through your work,Ask: help me use one_person_avatar for an audience_mapping moment of audience_confusion.,
CPAM_164,message_mismatch,People misread my intention,frustrated,audience_mapping,reconnect_with_why,question_storm,Ask what you want them to feel and do,Write questions about the emotion and action you hope for and compare them to what your current work actually invites,Ask: help me use question_storm for an audience_mapping moment of message_mismatch.,
CPAM_165,niche_anxiety,I am afraid picking a niche will trap me,anxious,audience_mapping,reduce_pressure,time_boxing,Choose a provisional niche for a short period,Decide to serve one group for a set time like three months knowing you can review and change later,Ask: help me use time_boxing for an audience_mapping moment of niche_anxiety.,
CPAM_166,too_broad_reach,My content tries to talk to everyone,overwhelmed,audience_mapping,generate_clear_direction,constraint_play,Limit this project to one group and one promise,Select a specific audience and one clear value and let that shape decisions for this piece,Ask: help me use constraint_play for an audience_mapping moment of too_broad_reach.,
CPAM_167,unclear_offering,People ask what exactly I do,tense,audience_mapping,design_small_next_step,clarity_sentence,Write one simple sentence that a friend can repeat,Describe who you help and how in plain language and test saying it out loud until it feels natural,Ask: help me use clarity_sentence for an audience_mapping moment of unclear_offering.,
CPAM_168,creative_money_fear,I worry I will never earn from my art,anxious,career_path,reduce_pressure,emotion_first_reflection,Separate money fear from creative worth,Write two lists one about practical money worries and another about what you love making so they do not blur into one story,Ask: help me use emotion_first_reflection for a career_path moment of creative_money_fear.,
CPAM_169,pricing_confusion,I do not know how to price my work,calm_but_uncertain,career_path,generate_clear_direction,question_storm,Ask what you need and what feels fair,Write questions about time skill costs and market examples and use them to choose a first experimental price,Ask: help me use question_storm for a career_path moment of pricing_confusion.,
CPAM_170,job_vs_art_tension,My day job drains energy from my practice,drained,career_path,design_small_next_step,time_boxing,Protect one small recurring slot for art,Place a short creative block in your calendar on realistic days and treat it as non negotiable as a meeting,Ask: help me use time_boxing for a career_path moment of job_vs_art_tension.,
CPAM_171,leap_anxiety,I am scared to go full time creative,tense,career_path,reduce_pressure,safe_to_fail_experiment,Design reversible experiments not irreversible leaps,Test part time arrangements or small paid offers before making bigger career shifts,Ask: help me use safe_to_fail_experiment for a career_path moment of leap_anxiety.,
CPAM_172,portfolio_confusion,I have many kinds of work and no focus,overwhelmed,career_path,organize_pipeline,constraint_play,Curate one thread that ties pieces together,Select work that shares a feeling theme or audience and feature that thread in your portfolio for now,Ask: help me use constraint_play for a career_path moment of portfolio_confusion.,
CPAM_173,stage_fright,I freeze when performing live,anxious,live_performance,reduce_pressure,audience_reframe,Perform for one kind human in the crowd,Find or imagine a supportive face and channel your delivery toward them instead of the full room,Ask: help me use audience_reframe for a live_performance moment of stage_fright.,
CPAM_174,pre_show_anxiety,My nerves spike right before going on,tense,live_performance,regain_motivation,body_and_breath_break,Ground your body before you step out,Use slow breaths gentle stretches and a simple phrase like I know this piece well to steady yourself,Ask: help me use body_and_breath_break for a live_performance moment of pre_show_anxiety.,
CPAM_175,post_show_crash,I feel empty after performing,drained,live_performance,recover_confidence,celebrate_micro_wins,Name specific moments that went well,Write down small wins such as one reaction one smooth section or one personal risk you took,Ask: help me use celebrate_micro_wins for a live_performance moment of post_show_crash.,
CPAM_176,show_design_confusion,I am unsure how to structure a set,restless,live_performance,generate_clear_direction,reference_inspiration,Borrow a structure from a show you admire,Observe how another performer opens builds and closes and adapt that shape with your own material,Ask: help me use reference_inspiration for a live_performance moment of show_design_confusion.,
CPAM_177,feedback_overload,Too many notes after shows confuse me,overwhelmed,live_performance,organize_pipeline,design_small_next_step,Choose one change to test next time,Group feedback into themes and commit to trying only one clear adjustment at the next performance,Ask: help me use design_small_next_step for a live_performance moment of feedback_overload.,
CPAM_178,creative_ritual_gap,I jump into sessions without warming up,restless,creative_practice,create_supportive_environment,entry_ritual,Add a tiny warmup that signals creativity mode,Spend a few minutes on scales doodles or free writing before touching the main project,Ask: help me use entry_ritual for a creative_practice moment of creative_ritual_gap.,
CPAM_179,goal_confusion,I do not know what to aim for this year,calm_but_uncertain,creative_practice,generate_clear_direction,constraint_play,Choose one theme word for the year,Pick a single guiding word such as depth play or connection and let it influence which projects you say yes to,Ask: help me use constraint_play for a creative_practice moment of goal_confusion.,
CPAM_180,overplanning,I plan endlessly and rarely execute,tense,creative_practice,design_small_next_step,tiny_commitment,Turn one plan into a physical action today,Take one item from your list and convert it into a concrete move such as send this email open this file or sketch this scene,Ask: help me use tiny_commitment for a creative_practice moment of overplanning.,
CPAM_181,perfectionism_block,If it is not excellent I do not start,anxious,creative_practice,reduce_pressure,sandbox_session,Create one piece that is allowed to be bad,Deliberately aim for something playful rough or strange and see what freedom emerges when excellence is not the target,Ask: help me use sandbox_session for a creative_practice moment of perfectionism_block.,
CPAM_182,process_boredom,My routine feels stale and lifeless,discouraged,creative_practice,explore_new_direction,reverse_brief,Design a session that breaks one usual rule,If you always sit try standing if you always use one tool swap it and notice how the change impacts energy,Ask: help me use reverse_brief for a creative_practice moment of process_boredom.,
CPAM_183,identity_pressure,I feel pressure to live up to a past success,tense,creative_practice,recover_confidence,emotion_first_reflection,Separate this project from your greatest hits,Write about how this new work can be smaller stranger or more intimate and still be valid,Ask: help me use emotion_first_reflection for a creative_practice moment of identity_pressure.,
CPAM_184,creative_shame,I am ashamed of old work that is still online,anxious,creative_practice,reduce_pressure,audience_reframe,See old work as a public growth record,Remind yourself that early pieces show that you kept going and many people feel encouraged by visible progress,Ask: help me use audience_reframe for a creative_practice moment of creative_shame.,
CPAM_185,idea_backlog,I have more ideas than I can execute,overwhelmed,idea_management,organize_pipeline,idea_parking_lot,Store ideas safely instead of carrying them all,Create one list or board where every idea can live so your mind can rest knowing they will not be lost,Ask: help me use idea_parking_lot for an idea_management moment of idea_backlog.,
CPAM_186,priority_confusion,I do not know which idea to pursue first,calm_but_uncertain,idea_management,generate_clear_direction,quick_scoring,Score ideas on joy impact and ease,Give each idea a simple one to three rating for these three factors then follow the one that ranks highest overall,Ask: help me use quick_scoring for an idea_management moment of priority_confusion.,
CPAM_187,idea_fear,I worry that someone already did this,anxious,idea_management,reduce_pressure,emotion_first_reflection,Focus on what only you can bring,Write about your particular experiences tastes and stories and how they flavor this idea even if the topic is familiar,Ask: help me use emotion_first_reflection for an idea_management moment of idea_fear.,
CPAM_188,execution_gap,I collect ideas but rarely turn them into work,restless,idea_management,design_small_next_step,tiny_commitment,Choose one idea and move it one notch forward,Turn one concept into a title sketch outline or test recording and let that simple shift count as success,Ask: help me use tiny_commitment for an idea_management moment of execution_gap.,
CPAM_189,idea_leak,My ideas vanish because I do not capture them,frustrated,idea_management,create_supportive_environment,friction_design,Make capturing ideas easier than forgetting them,Keep a small notebook or voice note shortcut within reach so recording becomes automatic,Ask: help me use friction_design for an idea_management moment of idea_leak.,
CPAM_190,creative_conflict,I disagree with my own taste versus audience taste,tense,creative_direction,reconnect_with_why,question_storm,Ask what balance of self and audience you want,Write questions about how much you want to experiment versus comfort people and decide a ratio for this project,Ask: help me use question_storm for a creative_direction moment of creative_conflict.,
CPAM_191,style_confusion,My work jumps between many styles,overwhelmed,creative_direction,generate_clear_direction,reference_inspiration,Notice recurring threads inside the chaos,Lay several pieces side by side and look for patterns in color theme or mood that already repeat,Ask: help me use reference_inspiration for a creative_direction moment of style_confusion.,
CPAM_192,voice_doubt,My artistic voice feels weak,discouraged,creative_direction,recover_confidence,celebrate_micro_wins,Collect lines or fragments that feel like you,Highlight phrases shapes or motifs from your past work that make you think this is mine and gather them in one place,Ask: help me use celebrate_micro_wins for a creative_direction moment of voice_doubt.,
CPAM_193,too_many_collabs,I say yes to every collaboration,overwhelmed,creative_direction,organize_pipeline,constraint_play,Set a simple rule for saying yes,For this season decide that collaborations must serve one clear goal such as learning income or joy before you accept,Ask: help me use constraint_play for a creative_direction moment of too_many_collabs.,
CPAM_194,theme_drift,My projects do not add up to anything,calm_but_uncertain,creative_direction,design_small_next_step,clarity_sentence,Write a short theme that ties your work,Describe in one sentence what your art keeps circling around and let upcoming projects lean into that,Ask: help me use clarity_sentence for a creative_direction moment of theme_drift.,
CPAM_195,rest_guilt,I feel guilty when I rest instead of creating,anxious,wellbeing,reduce_pressure,emotion_first_reflection,Name how rest supports your craft,Write about how sleep play and time off have improved your ideas in the past to remind yourself they are part of the work,Ask: help me use emotion_first_reflection for a wellbeing moment of rest_guilt.,
CPAM_196,body_ache,My body hurts after long sessions,drained,wellbeing,create_supportive_environment,body_and_breath_break,Build micro breaks into your workflow,Set timers to stand stretch and breathe regularly so your body can sustain long term creative practice,Ask: help me use body_and_breath_break for a wellbeing moment of body_ache.,
CPAM_197,energy_swings,Some days I am on fire and others I crash,restless,wellbeing,organize_pipeline,energy_mapping,Map your natural energy pattern over a week,Notice when your mind feels sharp or soft and schedule demanding work for high energy windows and gentle tasks for low ones,Ask: help me use energy_mapping for a wellbeing moment of energy_swings.,
CPAM_198,loneliness,I feel like no one understands this path,discouraged,wellbeing,seek_connection,tiny_outreach,Share a small honest update with someone safe,Send a message or voice note about what you are trying to a trusted person and let yourself be witnessed,Ask: help me use tiny_outreach for a wellbeing moment of loneliness.,
CPAM_199,meaning_doubt,I wonder if any of this work matters,discouraged,wellbeing,reconnect_with_why,emotion_first_reflection,Remember one person who was touched by your work,Recall a message comment or reaction from someone who was moved and write about that moment in detail,Ask: help me use emotion_first_reflection for a wellbeing moment of meaning_doubt.,
CPAM_200,transition_phase,I am moving between life chapters and feel creatively lost,calm_but_uncertain,wellbeing,design_small_next_step,safe_to_fail_experiment,Let this season be for gentle experiments,Give yourself permission to try small low stake creative acts without demanding a big project or clear identity yet,Ask: help me use safe_to_fail_experiment for a wellbeing moment of transition_phase.,
