lsm_id,section_type,structure_pattern,rhythm_profile,rhyme_profile,emotional_arc,viral_trigger,platform_fit,genre_adaptability,notes
LSM-0001,hook,hook_first,short_punchy,dense_end_rhyme,rise,repeatable_phrase,tiktok_soundbite,cross_genre,classic_open_with_hook_pattern
LSM-0002,hook,ab_ab,short_punchy,light_internal,release,shout_along,both,rock_friendly,good_for_call_response_crowd_energy
LSM-0003,verse,ab_ab,long_flowing,near_rhyme,reflection,story_pull,full_song_streaming,cross_genre,used_to_build_world_and_context
LSM-0004,pre_chorus,build_drop,short_punchy,dense_end_rhyme,tension_build,anticipation_line,both,cross_genre,often_climbs_pitch_or_intensity
LSM-0005,bridge,twist_section,long_flowing,light_internal,twist,new_perspective,both,cross_genre,reset_or_flip_before_final_hook
LSM-0006,intro,hook_teaser,short_punchy,near_rhyme,rise,preview_hook_line,tiktok_soundbite,cross_genre,great_for_snippets_and_loops
LSM-0007,outro,hook_fade,short_punchy,dense_end_rhyme,release,echo_hook,both,cross_genre,loop_friendly_if_last_word_matches_first
LSM-0008,hook,chant_block,short_punchy,no_rhyme,rise,group_chant,tiktok_soundbite,cumbia_reggae_friendly,works_well_with_percussion_heavy_grooves
LSM-0009,verse,hook_first,half_time,slant_rhyme,resolve,story_pull,both,trap_pop_friendly,verse_hook_first_half_time_slant_rhyme_resolve_story_pull_both_trap_pop_friendly_pattern_9
LSM-0010,outro,aa_bb,stop_start,dense_end_rhyme,rise,shout_along,shorts_reels,indie_pop,outro_aa_bb_stop_start_dense_end_rhyme_rise_shout_along_shorts_reels_indie_pop_pattern_10
LSM-0011,outro,hook_teaser,short_punchy,slant_rhyme,victory,echo_hook,shorts_reels,country_pop,outro_hook_teaser_short_punchy_slant_rhyme_victory_echo_hook_shorts_reels_country_pop_pattern_11
LSM-0012,tag,story_loop,short_punchy,near_rhyme,confession,preview_hook_line,full_song_streaming,edm_drop_friendly,tag_story_loop_short_punchy_near_rhyme_confession_preview_hook_line_full_song_streaming_edm_drop_friendly_pattern_12
LSM-0013,chorus,riff_based,mid_tempo_bounce,light_internal,confession,shout_along,full_song_streaming,rock_friendly,chorus_riff_based_mid_tempo_bounce_light_internal_confession_shout_along_full_song_streaming_rock_friendly_pattern_13
LSM-0014,tag,story_loop,short_punchy,alt_rhyme,victory,shout_along,album_listen,trap_pop_friendly,tag_story_loop_short_punchy_alt_rhyme_victory_shout_along_album_listen_trap_pop_friendly_pattern_14
LSM-0015,outro,one_liner,double_time,slant_rhyme,tension_build,repeatable_phrase,both,indie_pop,outro_one_liner_double_time_slant_rhyme_tension_build_repeatable_phrase_both_indie_pop_pattern_15
LSM-0016,post_chorus,aa_bb,laid_back,light_internal,confession,new_perspective,album_listen,cumbia_reggae_friendly,post_chorus_aa_bb_laid_back_light_internal_confession_new_perspective_album_listen_cumbia_reggae_friendly_pattern_16
LSM-0017,hook,aaba,double_time,mixed_scheme,resolve,caption_friendly,full_song_streaming,cumbia_reggae_friendly,hook_aaba_double_time_mixed_scheme_resolve_caption_friendly_full_song_streaming_cumbia_reggae_friendly_pattern_17
LSM-0018,verse,hook_teaser,long_flowing,slant_rhyme,release,group_chant,album_listen,acoustic_ballad,verse_hook_teaser_long_flowing_slant_rhyme_release_group_chant_album_listen_acoustic_ballad_pattern_18
LSM-0019,outro,call_response,double_time,dense_end_rhyme,resolve,shock_line,tiktok_soundbite,rock_friendly,outro_call_response_double_time_dense_end_rhyme_resolve_shock_line_tiktok_soundbite_rock_friendly_pattern_19
LSM-0020,bridge,story_loop,mid_tempo_bounce,slant_rhyme,melancholy_swell,relatable_line,full_song_streaming,indie_pop,bridge_story_loop_mid_tempo_bounce_slant_rhyme_melancholy_swell_relatable_line_full_song_streaming_indie_pop_pattern_20
LSM-0021,breakdown,rise_drop,syncopated,near_rhyme,twist,story_pull,shorts_reels,reggaeton_pop,breakdown_rise_drop_syncopated_near_rhyme_twist_story_pull_shorts_reels_reggaeton_pop_pattern_21
LSM-0022,outro,story_loop,stop_start,no_rhyme,nostalgia,anticipation_line,shorts_reels,reggaeton_pop,outro_story_loop_stop_start_no_rhyme_nostalgia_anticipation_line_shorts_reels_reggaeton_pop_pattern_22
LSM-0023,breakdown,aa_bb,short_punchy,light_internal,release,caption_friendly,shorts_reels,cumbia_reggae_friendly,breakdown_aa_bb_short_punchy_light_internal_release_caption_friendly_shorts_reels_cumbia_reggae_friendly_pattern_23
LSM-0024,bridge,hook_teaser,mid_tempo_bounce,no_rhyme,confession,transition_bait,album_listen,reggaeton_pop,bridge_hook_teaser_mid_tempo_bounce_no_rhyme_confession_transition_bait_album_listen_reggaeton_pop_pattern_24
LSM-0025,post_chorus,build_drop,short_punchy,light_internal,victory,singalong_moment,full_song_streaming,cumbia_reggae_friendly,post_chorus_build_drop_short_punchy_light_internal_victory_singalong_moment_full_song_streaming_cumbia_reggae_friendly_pattern_25
LSM-0026,hook,ab_cb,half_time,no_rhyme,release,group_chant,tiktok_soundbite,acoustic_ballad,hook_ab_cb_half_time_no_rhyme_release_group_chant_tiktok_soundbite_acoustic_ballad_pattern_26
LSM-0027,outro,aaba,mid_tempo_bounce,triple_rhyme,victory,transition_bait,shorts_reels,edm_drop_friendly,outro_aaba_mid_tempo_bounce_triple_rhyme_victory_transition_bait_shorts_reels_edm_drop_friendly_pattern_27
LSM-0028,hook,aaba,short_punchy,mixed_scheme,reflection,repeatable_phrase,tiktok_soundbite,rock_friendly,hook_aaba_short_punchy_mixed_scheme_reflection_repeatable_phrase_tiktok_soundbite_rock_friendly_pattern_28
LSM-0029,post_chorus,call_response,short_punchy,slant_rhyme,melancholy_swell,shout_along,tiktok_soundbite,country_pop,post_chorus_call_response_short_punchy_slant_rhyme_melancholy_swell_shout_along_tiktok_soundbite_country_pop_pattern_29
LSM-0030,verse,build_drop,long_flowing,near_rhyme,reflection,loop_bait,shorts_reels,acoustic_ballad,verse_build_drop_long_flowing_near_rhyme_reflection_loop_bait_shorts_reels_acoustic_ballad_pattern_30
LSM-0031,outro,hook_teaser,stop_start,slant_rhyme,victory,singalong_moment,both,indie_pop,outro_hook_teaser_stop_start_slant_rhyme_victory_singalong_moment_both_indie_pop_pattern_31
LSM-0032,post_chorus,rise_drop,double_time,alt_rhyme,victory,group_chant,tiktok_soundbite,indie_pop,post_chorus_rise_drop_double_time_alt_rhyme_victory_group_chant_tiktok_soundbite_indie_pop_pattern_32
LSM-0033,chorus,aa_bb,double_time,dense_end_rhyme,melancholy_swell,loop_bait,shorts_reels,southern_rock_blues,chorus_aa_bb_double_time_dense_end_rhyme_melancholy_swell_loop_bait_shorts_reels_southern_rock_blues_pattern_33
LSM-0034,chorus,hook_first,mid_tempo_bounce,dense_end_rhyme,resolve,shout_along,tiktok_soundbite,rock_friendly,chorus_hook_first_mid_tempo_bounce_dense_end_rhyme_resolve_shout_along_tiktok_soundbite_rock_friendly_pattern_34
LSM-0035,verse,round_style,laid_back,triple_rhyme,reflection,anticipation_line,live_performance,edm_drop_friendly,verse_round_style_laid_back_triple_rhyme_reflection_anticipation_line_live_performance_edm_drop_friendly_pattern_35
LSM-0036,tag,twist_section,syncopated,slant_rhyme,reflection,singalong_moment,album_listen,indie_pop,tag_twist_section_syncopated_slant_rhyme_reflection_singalong_moment_album_listen_indie_pop_pattern_36
LSM-0037,verse,ab_cb,stop_start,mixed_scheme,confession,echo_hook,album_listen,cross_genre,verse_ab_cb_stop_start_mixed_scheme_confession_echo_hook_album_listen_cross_genre_pattern_37
LSM-0038,verse,ab_ab,stop_start,mixed_scheme,tension_build,anticipation_line,shorts_reels,indie_pop,verse_ab_ab_stop_start_mixed_scheme_tension_build_anticipation_line_shorts_reels_indie_pop_pattern_38
LSM-0039,outro,question_answer,long_flowing,no_rhyme,release,new_perspective,album_listen,indie_pop,outro_question_answer_long_flowing_no_rhyme_release_new_perspective_album_listen_indie_pop_pattern_39
LSM-0040,verse,question_answer,mid_tempo_bounce,dense_end_rhyme,victory,shock_line,tiktok_soundbite,trap_pop_friendly,verse_question_answer_mid_tempo_bounce_dense_end_rhyme_victory_shock_line_tiktok_soundbite_trap_pop_friendly_pattern_40
LSM-0041,chorus,aaba,stop_start,alt_rhyme,reflection,anticipation_line,album_listen,cross_genre,chorus_aaba_stop_start_alt_rhyme_reflection_anticipation_line_album_listen_cross_genre_pattern_41
LSM-0042,pre_chorus,rise_drop,short_punchy,no_rhyme,twist,singalong_moment,album_listen,acoustic_ballad,pre_chorus_rise_drop_short_punchy_no_rhyme_twist_singalong_moment_album_listen_acoustic_ballad_pattern_42
LSM-0043,bridge,build_drop,syncopated,near_rhyme,resolve,new_perspective,shorts_reels,cross_genre,bridge_build_drop_syncopated_near_rhyme_resolve_new_perspective_shorts_reels_cross_genre_pattern_43
LSM-0044,tag,build_drop,short_punchy,mixed_scheme,rise,repeatable_phrase,live_performance,country_pop,tag_build_drop_short_punchy_mixed_scheme_rise_repeatable_phrase_live_performance_country_pop_pattern_44
LSM-0045,outro,round_style,long_flowing,dense_end_rhyme,victory,shout_along,shorts_reels,trap_pop_friendly,outro_round_style_long_flowing_dense_end_rhyme_victory_shout_along_shorts_reels_trap_pop_friendly_pattern_45
LSM-0046,tag,aa_bb,laid_back,no_rhyme,tension_build,transition_bait,shorts_reels,southern_rock_blues,tag_aa_bb_laid_back_no_rhyme_tension_build_transition_bait_shorts_reels_southern_rock_blues_pattern_46
LSM-0047,tag,ab_ab,mid_tempo_bounce,no_rhyme,melancholy_swell,transition_bait,live_performance,rock_friendly,tag_ab_ab_mid_tempo_bounce_no_rhyme_melancholy_swell_transition_bait_live_performance_rock_friendly_pattern_47
LSM-0048,post_chorus,progressive_build,double_time,slant_rhyme,twist,echo_hook,shorts_reels,cumbia_reggae_friendly,post_chorus_progressive_build_double_time_slant_rhyme_twist_echo_hook_shorts_reels_cumbia_reggae_friendly_pattern_48
LSM-0049,post_chorus,question_answer,double_time,light_internal,rise,group_chant,live_performance,southern_rock_blues,post_chorus_question_answer_double_time_light_internal_rise_group_chant_live_performance_southern_rock_blues_pattern_49
LSM-0050,verse,aa_bb,laid_back,triple_rhyme,release,preview_hook_line,tiktok_soundbite,indie_pop,verse_aa_bb_laid_back_triple_rhyme_release_preview_hook_line_tiktok_soundbite_indie_pop_pattern_50
LSM-0051,hook,one_liner,long_flowing,alt_rhyme,victory,relatable_line,full_song_streaming,southern_rock_blues,hook_one_liner_long_flowing_alt_rhyme_victory_relatable_line_full_song_streaming_southern_rock_blues_pattern_51
LSM-0052,outro,hook_first,half_time,light_internal,release,new_perspective,tiktok_soundbite,trap_pop_friendly,outro_hook_first_half_time_light_internal_release_new_perspective_tiktok_soundbite_trap_pop_friendly_pattern_52
LSM-0053,outro,ab_ca,half_time,triple_rhyme,melancholy_swell,anticipation_line,both,rock_friendly,outro_ab_ca_half_time_triple_rhyme_melancholy_swell_anticipation_line_both_rock_friendly_pattern_53
LSM-0054,chorus,hook_fade,half_time,alt_rhyme,twist,shock_line,tiktok_soundbite,trap_pop_friendly,chorus_hook_fade_half_time_alt_rhyme_twist_shock_line_tiktok_soundbite_trap_pop_friendly_pattern_54
LSM-0055,bridge,story_loop,short_punchy,dense_end_rhyme,nostalgia,singalong_moment,shorts_reels,cumbia_reggae_friendly,bridge_story_loop_short_punchy_dense_end_rhyme_nostalgia_singalong_moment_shorts_reels_cumbia_reggae_friendly_pattern_55
LSM-0056,post_chorus,aaba,syncopated,no_rhyme,victory,repeatable_phrase,tiktok_soundbite,trap_pop_friendly,post_chorus_aaba_syncopated_no_rhyme_victory_repeatable_phrase_tiktok_soundbite_trap_pop_friendly_pattern_56
LSM-0057,pre_chorus,build_drop,short_punchy,mixed_scheme,melancholy_swell,loop_bait,shorts_reels,latin_fusion,pre_chorus_build_drop_short_punchy_mixed_scheme_melancholy_swell_loop_bait_shorts_reels_latin_fusion_pattern_57
LSM-0058,pre_chorus,ab_ab,half_time,mixed_scheme,rise,preview_hook_line,shorts_reels,cumbia_reggae_friendly,pre_chorus_ab_ab_half_time_mixed_scheme_rise_preview_hook_line_shorts_reels_cumbia_reggae_friendly_pattern_58
LSM-0059,chorus,ab_cb,double_time,no_rhyme,melancholy_swell,relatable_line,shorts_reels,indie_pop,chorus_ab_cb_double_time_no_rhyme_melancholy_swell_relatable_line_shorts_reels_indie_pop_pattern_59
LSM-0060,pre_chorus,aaba,stop_start,dense_end_rhyme,release,relatable_line,full_song_streaming,latin_fusion,pre_chorus_aaba_stop_start_dense_end_rhyme_release_relatable_line_full_song_streaming_latin_fusion_pattern_60
LSM-0061,chorus,story_loop,long_flowing,light_internal,confession,shock_line,tiktok_soundbite,country_pop,chorus_story_loop_long_flowing_light_internal_confession_shock_line_tiktok_soundbite_country_pop_pattern_61
LSM-0062,chorus,progressive_build,syncopated,mixed_scheme,twist,shock_line,shorts_reels,indie_pop,chorus_progressive_build_syncopated_mixed_scheme_twist_shock_line_shorts_reels_indie_pop_pattern_62
LSM-0063,intro,progressive_build,stop_start,mixed_scheme,twist,shock_line,tiktok_soundbite,acoustic_ballad,intro_progressive_build_stop_start_mixed_scheme_twist_shock_line_tiktok_soundbite_acoustic_ballad_pattern_63
LSM-0064,hook,hook_fade,stop_start,mixed_scheme,rise,shout_along,full_song_streaming,edm_drop_friendly,hook_hook_fade_stop_start_mixed_scheme_rise_shout_along_full_song_streaming_edm_drop_friendly_pattern_64
LSM-0065,tag,story_loop,short_punchy,light_internal,melancholy_swell,echo_hook,full_song_streaming,rock_friendly,tag_story_loop_short_punchy_light_internal_melancholy_swell_echo_hook_full_song_streaming_rock_friendly_pattern_65
LSM-0066,bridge,hook_teaser,mid_tempo_bounce,no_rhyme,melancholy_swell,anticipation_line,full_song_streaming,cross_genre,bridge_hook_teaser_mid_tempo_bounce_no_rhyme_melancholy_swell_anticipation_line_full_song_streaming_cross_genre_pattern_66
LSM-0067,bridge,hook_first,laid_back,mixed_scheme,confession,shout_along,both,rock_friendly,bridge_hook_first_laid_back_mixed_scheme_confession_shout_along_both_rock_friendly_pattern_67
LSM-0068,tag,riff_based,mid_tempo_bounce,triple_rhyme,victory,new_perspective,both,latin_fusion,tag_riff_based_mid_tempo_bounce_triple_rhyme_victory_new_perspective_both_latin_fusion_pattern_68
LSM-0069,hook,rise_drop,half_time,near_rhyme,resolve,echo_hook,both,latin_fusion,hook_rise_drop_half_time_near_rhyme_resolve_echo_hook_both_latin_fusion_pattern_69
LSM-0070,pre_chorus,hook_teaser,half_time,no_rhyme,victory,shock_line,tiktok_soundbite,acoustic_ballad,pre_chorus_hook_teaser_half_time_no_rhyme_victory_shock_line_tiktok_soundbite_acoustic_ballad_pattern_70
LSM-0071,post_chorus,progressive_build,stop_start,mixed_scheme,reflection,group_chant,album_listen,cumbia_reggae_friendly,post_chorus_progressive_build_stop_start_mixed_scheme_reflection_group_chant_album_listen_cumbia_reggae_friendly_pattern_71
LSM-0072,chorus,round_style,syncopated,near_rhyme,tension_build,new_perspective,live_performance,cumbia_reggae_friendly,chorus_round_style_syncopated_near_rhyme_tension_build_new_perspective_live_performance_cumbia_reggae_friendly_pattern_72
LSM-0073,tag,riff_based,mid_tempo_bounce,slant_rhyme,twist,anticipation_line,shorts_reels,edm_drop_friendly,tag_riff_based_mid_tempo_bounce_slant_rhyme_twist_anticipation_line_shorts_reels_edm_drop_friendly_pattern_73
LSM-0074,intro,ab_ab,laid_back,alt_rhyme,melancholy_swell,shock_line,tiktok_soundbite,country_pop,intro_ab_ab_laid_back_alt_rhyme_melancholy_swell_shock_line_tiktok_soundbite_country_pop_pattern_74
LSM-0075,bridge,hook_fade,laid_back,no_rhyme,reflection,echo_hook,shorts_reels,edm_drop_friendly,bridge_hook_fade_laid_back_no_rhyme_reflection_echo_hook_shorts_reels_edm_drop_friendly_pattern_75
LSM-0076,intro,ab_cb,stop_start,slant_rhyme,release,singalong_moment,both,reggaeton_pop,intro_ab_cb_stop_start_slant_rhyme_release_singalong_moment_both_reggaeton_pop_pattern_76
LSM-0077,breakdown,ab_ab,laid_back,light_internal,reflection,story_pull,album_listen,cumbia_reggae_friendly,breakdown_ab_ab_laid_back_light_internal_reflection_story_pull_album_listen_cumbia_reggae_friendly_pattern_77
LSM-0078,outro,build_drop,double_time,alt_rhyme,melancholy_swell,shock_line,both,reggaeton_pop,outro_build_drop_double_time_alt_rhyme_melancholy_swell_shock_line_both_reggaeton_pop_pattern_78
LSM-0079,bridge,build_drop,syncopated,near_rhyme,reflection,group_chant,full_song_streaming,indie_pop,bridge_build_drop_syncopated_near_rhyme_reflection_group_chant_full_song_streaming_indie_pop_pattern_79
LSM-0080,post_chorus,round_style,syncopated,slant_rhyme,twist,group_chant,tiktok_soundbite,acoustic_ballad,post_chorus_round_style_syncopated_slant_rhyme_twist_group_chant_tiktok_soundbite_acoustic_ballad_pattern_80
LSM-0081,chorus,story_loop,double_time,mixed_scheme,victory,shout_along,shorts_reels,edm_drop_friendly,chorus_story_loop_double_time_mixed_scheme_victory_shout_along_shorts_reels_edm_drop_friendly_pattern_81
LSM-0082,chorus,rise_drop,long_flowing,slant_rhyme,tension_build,echo_hook,album_listen,rock_friendly,chorus_rise_drop_long_flowing_slant_rhyme_tension_build_echo_hook_album_listen_rock_friendly_pattern_82
LSM-0083,outro,question_answer,stop_start,dense_end_rhyme,resolve,shock_line,album_listen,latin_fusion,outro_question_answer_stop_start_dense_end_rhyme_resolve_shock_line_album_listen_latin_fusion_pattern_83
LSM-0084,tag,hook_first,stop_start,alt_rhyme,rise,preview_hook_line,full_song_streaming,latin_fusion,tag_hook_first_stop_start_alt_rhyme_rise_preview_hook_line_full_song_streaming_latin_fusion_pattern_84
LSM-0085,bridge,build_drop,laid_back,alt_rhyme,resolve,new_perspective,album_listen,country_pop,bridge_build_drop_laid_back_alt_rhyme_resolve_new_perspective_album_listen_country_pop_pattern_85
LSM-0086,intro,rise_drop,double_time,no_rhyme,release,shock_line,album_listen,edm_drop_friendly,intro_rise_drop_double_time_no_rhyme_release_shock_line_album_listen_edm_drop_friendly_pattern_86
LSM-0087,tag,build_drop,short_punchy,no_rhyme,melancholy_swell,transition_bait,both,cross_genre,tag_build_drop_short_punchy_no_rhyme_melancholy_swell_transition_bait_both_cross_genre_pattern_87
LSM-0088,verse,hook_fade,stop_start,near_rhyme,reflection,story_pull,tiktok_soundbite,acoustic_ballad,verse_hook_fade_stop_start_near_rhyme_reflection_story_pull_tiktok_soundbite_acoustic_ballad_pattern_88
LSM-0089,bridge,riff_based,laid_back,alt_rhyme,nostalgia,preview_hook_line,album_listen,acoustic_ballad,bridge_riff_based_laid_back_alt_rhyme_nostalgia_preview_hook_line_album_listen_acoustic_ballad_pattern_89
LSM-0090,bridge,story_loop,mid_tempo_bounce,alt_rhyme,rise,relatable_line,live_performance,cross_genre,bridge_story_loop_mid_tempo_bounce_alt_rhyme_rise_relatable_line_live_performance_cross_genre_pattern_90
LSM-0091,hook,call_response,mid_tempo_bounce,dense_end_rhyme,rise,anticipation_line,shorts_reels,cross_genre,hook_call_response_mid_tempo_bounce_dense_end_rhyme_rise_anticipation_line_shorts_reels_cross_genre_pattern_91
LSM-0092,tag,ab_ca,laid_back,near_rhyme,reflection,caption_friendly,tiktok_soundbite,southern_rock_blues,tag_ab_ca_laid_back_near_rhyme_reflection_caption_friendly_tiktok_soundbite_southern_rock_blues_pattern_92
LSM-0093,chorus,question_answer,half_time,mixed_scheme,release,transition_bait,live_performance,trap_pop_friendly,chorus_question_answer_half_time_mixed_scheme_release_transition_bait_live_performance_trap_pop_friendly_pattern_93
LSM-0094,pre_chorus,one_liner,mid_tempo_bounce,dense_end_rhyme,twist,transition_bait,both,latin_fusion,pre_chorus_one_liner_mid_tempo_bounce_dense_end_rhyme_twist_transition_bait_both_latin_fusion_pattern_94
LSM-0095,bridge,progressive_build,mid_tempo_bounce,slant_rhyme,tension_build,relatable_line,full_song_streaming,cumbia_reggae_friendly,bridge_progressive_build_mid_tempo_bounce_slant_rhyme_tension_build_relatable_line_full_song_streaming_cumbia_reggae_friendly_pattern_95
LSM-0096,tag,ab_cb,short_punchy,mixed_scheme,victory,echo_hook,both,rock_friendly,tag_ab_cb_short_punchy_mixed_scheme_victory_echo_hook_both_rock_friendly_pattern_96
LSM-0097,verse,round_style,double_time,dense_end_rhyme,confession,shock_line,album_listen,trap_pop_friendly,verse_round_style_double_time_dense_end_rhyme_confession_shock_line_album_listen_trap_pop_friendly_pattern_97
LSM-0098,bridge,melodic_run,syncopated,near_rhyme,confession,story_pull,both,reggaeton_pop,bridge_melodic_run_syncopated_near_rhyme_confession_story_pull_both_reggaeton_pop_pattern_98
LSM-0099,post_chorus,hook_teaser,syncopated,alt_rhyme,confession,shock_line,both,southern_rock_blues,post_chorus_hook_teaser_syncopated_alt_rhyme_confession_shock_line_both_southern_rock_blues_pattern_99
LSM-0100,post_chorus,riff_based,laid_back,light_internal,twist,group_chant,shorts_reels,country_pop,post_chorus_riff_based_laid_back_light_internal_twist_group_chant_shorts_reels_country_pop_pattern_100
LSM-0101,tag,hook_teaser,stop_start,mixed_scheme,rise,group_chant,full_song_streaming,edm_drop_friendly,tag_hook_teaser_stop_start_mixed_scheme_rise_group_chant_full_song_streaming_edm_drop_friendly_pattern_101
LSM-0102,breakdown,progressive_build,double_time,triple_rhyme,nostalgia,new_perspective,live_performance,acoustic_ballad,breakdown_progressive_build_double_time_triple_rhyme_nostalgia_new_perspective_live_performance_acoustic_ballad_pattern_102
LSM-0103,outro,hook_first,laid_back,light_internal,resolve,relatable_line,album_listen,country_pop,outro_hook_first_laid_back_light_internal_resolve_relatable_line_album_listen_country_pop_pattern_103
LSM-0104,outro,call_response,syncopated,alt_rhyme,reflection,singalong_moment,tiktok_soundbite,trap_pop_friendly,outro_call_response_syncopated_alt_rhyme_reflection_singalong_moment_tiktok_soundbite_trap_pop_friendly_pattern_104
LSM-0105,post_chorus,call_response,stop_start,slant_rhyme,twist,caption_friendly,live_performance,rock_friendly,post_chorus_call_response_stop_start_slant_rhyme_twist_caption_friendly_live_performance_rock_friendly_pattern_105
LSM-0106,breakdown,build_drop,double_time,no_rhyme,victory,preview_hook_line,full_song_streaming,country_pop,breakdown_build_drop_double_time_no_rhyme_victory_preview_hook_line_full_song_streaming_country_pop_pattern_106
LSM-0107,post_chorus,one_liner,half_time,slant_rhyme,tension_build,relatable_line,shorts_reels,rock_friendly,post_chorus_one_liner_half_time_slant_rhyme_tension_build_relatable_line_shorts_reels_rock_friendly_pattern_107
LSM-0108,verse,build_drop,long_flowing,slant_rhyme,resolve,relatable_line,album_listen,acoustic_ballad,verse_build_drop_long_flowing_slant_rhyme_resolve_relatable_line_album_listen_acoustic_ballad_pattern_108
LSM-0109,tag,round_style,half_time,light_internal,resolve,new_perspective,shorts_reels,rock_friendly,tag_round_style_half_time_light_internal_resolve_new_perspective_shorts_reels_rock_friendly_pattern_109
LSM-0110,pre_chorus,one_liner,short_punchy,near_rhyme,twist,repeatable_phrase,tiktok_soundbite,reggaeton_pop,pre_chorus_one_liner_short_punchy_near_rhyme_twist_repeatable_phrase_tiktok_soundbite_reggaeton_pop_pattern_110
LSM-0111,post_chorus,ab_ca,syncopated,light_internal,rise,transition_bait,full_song_streaming,country_pop,post_chorus_ab_ca_syncopated_light_internal_rise_transition_bait_full_song_streaming_country_pop_pattern_111
LSM-0112,breakdown,question_answer,double_time,near_rhyme,rise,new_perspective,album_listen,trap_pop_friendly,breakdown_question_answer_double_time_near_rhyme_rise_new_perspective_album_listen_trap_pop_friendly_pattern_112
LSM-0113,verse,rise_drop,syncopated,light_internal,melancholy_swell,caption_friendly,both,cross_genre,verse_rise_drop_syncopated_light_internal_melancholy_swell_caption_friendly_both_cross_genre_pattern_113
LSM-0114,pre_chorus,ab_ca,half_time,light_internal,resolve,shout_along,live_performance,latin_fusion,pre_chorus_ab_ca_half_time_light_internal_resolve_shout_along_live_performance_latin_fusion_pattern_114
LSM-0115,tag,hook_teaser,laid_back,no_rhyme,reflection,group_chant,full_song_streaming,southern_rock_blues,tag_hook_teaser_laid_back_no_rhyme_reflection_group_chant_full_song_streaming_southern_rock_blues_pattern_115
LSM-0116,bridge,one_liner,short_punchy,light_internal,resolve,caption_friendly,shorts_reels,acoustic_ballad,bridge_one_liner_short_punchy_light_internal_resolve_caption_friendly_shorts_reels_acoustic_ballad_pattern_116
LSM-0117,verse,aaba,laid_back,near_rhyme,victory,shout_along,shorts_reels,cross_genre,verse_aaba_laid_back_near_rhyme_victory_shout_along_shorts_reels_cross_genre_pattern_117
LSM-0118,bridge,question_answer,syncopated,triple_rhyme,rise,anticipation_line,full_song_streaming,acoustic_ballad,bridge_question_answer_syncopated_triple_rhyme_rise_anticipation_line_full_song_streaming_acoustic_ballad_pattern_118
LSM-0119,breakdown,aa_bb,laid_back,triple_rhyme,melancholy_swell,caption_friendly,shorts_reels,latin_fusion,breakdown_aa_bb_laid_back_triple_rhyme_melancholy_swell_caption_friendly_shorts_reels_latin_fusion_pattern_119
LSM-0120,verse,build_drop,laid_back,near_rhyme,twist,shock_line,shorts_reels,trap_pop_friendly,verse_build_drop_laid_back_near_rhyme_twist_shock_line_shorts_reels_trap_pop_friendly_pattern_120
LSM-0121,intro,aaba,half_time,triple_rhyme,reflection,shout_along,album_listen,acoustic_ballad,intro_aaba_half_time_triple_rhyme_reflection_shout_along_album_listen_acoustic_ballad_pattern_121
LSM-0122,bridge,story_loop,syncopated,alt_rhyme,tension_build,transition_bait,tiktok_soundbite,latin_fusion,bridge_story_loop_syncopated_alt_rhyme_tension_build_transition_bait_tiktok_soundbite_latin_fusion_pattern_122
LSM-0123,hook,hook_teaser,half_time,dense_end_rhyme,tension_build,anticipation_line,both,southern_rock_blues,hook_hook_teaser_half_time_dense_end_rhyme_tension_build_anticipation_line_both_southern_rock_blues_pattern_123
LSM-0124,tag,hook_first,half_time,dense_end_rhyme,release,group_chant,live_performance,cumbia_reggae_friendly,tag_hook_first_half_time_dense_end_rhyme_release_group_chant_live_performance_cumbia_reggae_friendly_pattern_124
LSM-0125,breakdown,story_loop,long_flowing,no_rhyme,reflection,shout_along,album_listen,rock_friendly,breakdown_story_loop_long_flowing_no_rhyme_reflection_shout_along_album_listen_rock_friendly_pattern_125
LSM-0126,bridge,riff_based,double_time,light_internal,release,preview_hook_line,album_listen,country_pop,bridge_riff_based_double_time_light_internal_release_preview_hook_line_album_listen_country_pop_pattern_126
LSM-0127,post_chorus,rise_drop,short_punchy,alt_rhyme,tension_build,preview_hook_line,full_song_streaming,rock_friendly,post_chorus_rise_drop_short_punchy_alt_rhyme_tension_build_preview_hook_line_full_song_streaming_rock_friendly_pattern_127
LSM-0128,verse,rise_drop,short_punchy,alt_rhyme,confession,repeatable_phrase,shorts_reels,reggaeton_pop,verse_rise_drop_short_punchy_alt_rhyme_confession_repeatable_phrase_shorts_reels_reggaeton_pop_pattern_128
LSM-0129,hook,hook_teaser,syncopated,alt_rhyme,rise,anticipation_line,full_song_streaming,reggaeton_pop,hook_hook_teaser_syncopated_alt_rhyme_rise_anticipation_line_full_song_streaming_reggaeton_pop_pattern_129
LSM-0130,pre_chorus,one_liner,syncopated,alt_rhyme,tension_build,repeatable_phrase,both,southern_rock_blues,pre_chorus_one_liner_syncopated_alt_rhyme_tension_build_repeatable_phrase_both_southern_rock_blues_pattern_130
LSM-0131,chorus,aaba,half_time,dense_end_rhyme,victory,echo_hook,tiktok_soundbite,indie_pop,chorus_aaba_half_time_dense_end_rhyme_victory_echo_hook_tiktok_soundbite_indie_pop_pattern_131
LSM-0132,verse,question_answer,mid_tempo_bounce,near_rhyme,reflection,relatable_line,full_song_streaming,reggaeton_pop,verse_question_answer_mid_tempo_bounce_near_rhyme_reflection_relatable_line_full_song_streaming_reggaeton_pop_pattern_132
LSM-0133,post_chorus,chant_block,syncopated,alt_rhyme,resolve,group_chant,live_performance,edm_drop_friendly,post_chorus_chant_block_syncopated_alt_rhyme_resolve_group_chant_live_performance_edm_drop_friendly_pattern_133
LSM-0134,bridge,progressive_build,long_flowing,light_internal,twist,singalong_moment,album_listen,rock_friendly,bridge_progressive_build_long_flowing_light_internal_twist_singalong_moment_album_listen_rock_friendly_pattern_134
LSM-0135,outro,story_loop,short_punchy,triple_rhyme,twist,shock_line,live_performance,southern_rock_blues,outro_story_loop_short_punchy_triple_rhyme_twist_shock_line_live_performance_southern_rock_blues_pattern_135
LSM-0136,breakdown,ab_ca,syncopated,alt_rhyme,nostalgia,preview_hook_line,live_performance,reggaeton_pop,breakdown_ab_ca_syncopated_alt_rhyme_nostalgia_preview_hook_line_live_performance_reggaeton_pop_pattern_136
LSM-0137,bridge,question_answer,double_time,slant_rhyme,resolve,transition_bait,album_listen,indie_pop,bridge_question_answer_double_time_slant_rhyme_resolve_transition_bait_album_listen_indie_pop_pattern_137
LSM-0138,bridge,ab_ab,double_time,alt_rhyme,confession,echo_hook,both,cumbia_reggae_friendly,bridge_ab_ab_double_time_alt_rhyme_confession_echo_hook_both_cumbia_reggae_friendly_pattern_138
LSM-0139,pre_chorus,stacked_hooks,short_punchy,near_rhyme,victory,transition_bait,full_song_streaming,trap_pop_friendly,pre_chorus_stacked_hooks_short_punchy_near_rhyme_victory_transition_bait_full_song_streaming_trap_pop_friendly_pattern_139
LSM-0140,breakdown,ab_cb,syncopated,dense_end_rhyme,release,echo_hook,both,edm_drop_friendly,breakdown_ab_cb_syncopated_dense_end_rhyme_release_echo_hook_both_edm_drop_friendly_pattern_140
LSM-0141,verse,stacked_hooks,half_time,mixed_scheme,melancholy_swell,relatable_line,album_listen,cumbia_reggae_friendly,verse_stacked_hooks_half_time_mixed_scheme_melancholy_swell_relatable_line_album_listen_cumbia_reggae_friendly_pattern_141
LSM-0142,verse,riff_based,stop_start,mixed_scheme,reflection,shock_line,live_performance,cross_genre,verse_riff_based_stop_start_mixed_scheme_reflection_shock_line_live_performance_cross_genre_pattern_142
LSM-0143,tag,aa_bb,laid_back,triple_rhyme,resolve,relatable_line,tiktok_soundbite,latin_fusion,tag_aa_bb_laid_back_triple_rhyme_resolve_relatable_line_tiktok_soundbite_latin_fusion_pattern_143
LSM-0144,verse,hook_fade,mid_tempo_bounce,alt_rhyme,release,relatable_line,full_song_streaming,cross_genre,verse_hook_fade_mid_tempo_bounce_alt_rhyme_release_relatable_line_full_song_streaming_cross_genre_pattern_144
LSM-0145,intro,riff_based,short_punchy,triple_rhyme,nostalgia,preview_hook_line,album_listen,edm_drop_friendly,intro_riff_based_short_punchy_triple_rhyme_nostalgia_preview_hook_line_album_listen_edm_drop_friendly_pattern_145
LSM-0146,chorus,round_style,stop_start,near_rhyme,release,story_pull,tiktok_soundbite,southern_rock_blues,chorus_round_style_stop_start_near_rhyme_release_story_pull_tiktok_soundbite_southern_rock_blues_pattern_146
LSM-0147,bridge,hook_teaser,laid_back,alt_rhyme,melancholy_swell,story_pull,shorts_reels,country_pop,bridge_hook_teaser_laid_back_alt_rhyme_melancholy_swell_story_pull_shorts_reels_country_pop_pattern_147
LSM-0148,post_chorus,question_answer,half_time,dense_end_rhyme,reflection,new_perspective,both,reggaeton_pop,post_chorus_question_answer_half_time_dense_end_rhyme_reflection_new_perspective_both_reggaeton_pop_pattern_148
LSM-0149,pre_chorus,aa_bb,syncopated,mixed_scheme,melancholy_swell,new_perspective,both,latin_fusion,pre_chorus_aa_bb_syncopated_mixed_scheme_melancholy_swell_new_perspective_both_latin_fusion_pattern_149
LSM-0150,post_chorus,question_answer,half_time,slant_rhyme,confession,shock_line,Ã¡lbum_listenI,trap_pop_friendly,post_chorus_question_answer_half_time_slant_rhyme_confession_shock_line_album_listen_trap_pop_friendly_pattern_150
LSM-0151,chorus,rise_drop,double_time,triple_rhyme,twist,repeatable_phrase,both,latin_fusion,chorus_rise_drop_double_time_triple_rhyme_twist_repeatable_phrase_both_latin_fusion_pattern_151
LSM-0152,post_chorus,hook_first,short_punchy,alt_rhyme,twist,singalong_moment,shorts_reels,southern_rock_blues,post_chorus_hook_first_short_punchy_alt_rhyme_twist_singalong_moment_shorts_reels_southern_rock_blues_pattern_152
LSM-0153,hook,call_response,laid_back,triple_rhyme,release,caption_friendly,tiktok_soundbite,cumbia_reggae_friendly,hook_call_response_laid_back_triple_rhyme_release_caption_friendly_tiktok_soundbite_cumbia_reggae_friendly_pattern_153
LSM-0154,intro,one_liner,syncopated,dense_end_rhyme,melancholy_swell,preview_hook_line,both,edm_drop_friendly,intro_one_liner_syncopated_dense_end_rhyme_melancholy_swell_preview_hook_line_both_edm_drop_friendly_pattern_154
LSM-0155,verse,one_liner,double_time,no_rhyme,release,anticipation_line,shorts_reels,reggaeton_pop,verse_one_liner_double_time_no_rhyme_release_anticipation_line_shorts_reels_reggaeton_pop_pattern_155
LSM-0156,hook,round_style,half_time,near_rhyme,twist,shock_line,album_listen,acoustic_ballad,hook_round_style_half_time_near_rhyme_twist_shock_line_album_listen_acoustic_ballad_pattern_156
LSM-0157,hook,ab_cb,syncopated,light_internal,release,singalong_moment,shorts_reels,cumbia_reggae_friendly,hook_ab_cb_syncopated_light_internal_release_singalong_moment_shorts_reels_cumbia_reggae_friendly_pattern_157
LSM-0158,bridge,build_drop,double_time,light_internal,confession,repeatable_phrase,full_song_streaming,reggaeton_pop,bridge_build_drop_double_time_light_internal_confession_repeatable_phrase_full_song_streaming_reggaeton_pop_pattern_158
LSM-0159,verse,question_answer,double_time,triple_rhyme,melancholy_swell,echo_hook,both,rock_friendly,verse_question_answer_double_time_triple_rhyme_melancholy_swell_echo_hook_both_rock_friendly_pattern_159
LSM-0160,verse,call_response,syncopated,dense_end_rhyme,melancholy_swell,loop_bait,full_song_streaming,southern_rock_blues,verse_call_response_syncopated_dense_end_rhyme_melancholy_swell_loop_bait_full_song_streaming_southern_rock_blues_pattern_160
LSM-0161,chorus,hook_fade,mid_tempo_bounce,alt_rhyme,twist,caption_friendly,album_listen,trap_pop_friendly,chorus_hook_fade_mid_tempo_bounce_alt_rhyme_twist_caption_friendly_album_listen_trap_pop_friendly_pattern_161
LSM-0162,pre_chorus,ab_ab,short_punchy,triple_rhyme,reflection,shout_along,tiktok_soundbite,indie_pop,pre_chorus_ab_ab_short_punchy_triple_rhyme_reflection_shout_along_tiktok_soundbite_indie_pop_pattern_162
LSM-0163,outro,ab_ca,stop_start,alt_rhyme,nostalgia,caption_friendly,both,reggaeton_pop,outro_ab_ca_stop_start_alt_rhyme_nostalgia_caption_friendly_both_reggaeton_pop_pattern_163
LSM-0164,bridge,twist_section,long_flowing,no_rhyme,tension_build,shock_line,album_listen,southern_rock_blues,bridge_twist_section_long_flowing_no_rhyme_tension_build_shock_line_album_listen_southern_rock_blues_pattern_164
LSM-0165,bridge,story_loop,short_punchy,mixed_scheme,resolve,group_chant,album_listen,indie_pop,bridge_story_loop_short_punchy_mixed_scheme_resolve_group_chant_album_listen_indie_pop_pattern_165
LSM-0166,hook,ab_cb,double_time,mixed_scheme,rise,echo_hook,full_song_streaming,indie_pop,hook_ab_cb_double_time_mixed_scheme_rise_echo_hook_full_song_streaming_indie_pop_pattern_166
LSM-0167,verse,question_answer,mid_tempo_bounce,slant_rhyme,melancholy_swell,repeatable_phrase,tiktok_soundbite,rock_friendly,verse_question_answer_mid_tempo_bounce_slant_rhyme_melancholy_swell_repeatable_phrase_tiktok_soundbite_rock_friendly_pattern_167
LSM-0168,chorus,ab_ca,laid_back,light_internal,victory,anticipation_line,live_performance,indie_pop,chorus_ab_ca_laid_back_light_internal_victory_anticipation_line_live_performance_indie_pop_pattern_168
LSM-0169,chorus,riff_based,long_flowing,dense_end_rhyme,twist,shock_line,shorts_reels,edm_drop_friendly,chorus_riff_based_long_flowing_dense_end_rhyme_twist_shock_line_shorts_reels_edm_drop_friendly_pattern_169
LSM-0170,outro,story_loop,long_flowing,light_internal,rise,story_pull,tiktok_soundbite,rock_friendly,outro_story_loop_long_flowing_light_internal_rise_story_pull_tiktok_soundbite_rock_friendly_pattern_170
LSM-0171,chorus,twist_section,double_time,dense_end_rhyme,release,new_perspective,tiktok_soundbite,edm_drop_friendly,chorus_twist_section_double_time_dense_end_rhyme_release_new_perspective_tiktok_soundbite_edm_drop_friendly_pattern_171
LSM-0172,bridge,round_style,mid_tempo_bounce,light_internal,reflection,group_chant,full_song_streaming,reggaeton_pop,bridge_round_style_mid_tempo_bounce_light_internal_reflection_group_chant_full_song_streaming_reggaeton_pop_pattern_172
LSM-0173,tag,ab_cb,syncopated,slant_rhyme,melancholy_swell,repeatable_phrase,both,cumbia_reggae_friendly,tag_ab_cb_syncopated_slant_rhyme_melancholy_swell_repeatable_phrase_both_cumbia_reggae_friendly_pattern_173
LSM-0174,outro,one_liner,syncopated,dense_end_rhyme,rise,group_chant,album_listen,latin_fusion,outro_one_liner_syncopated_dense_end_rhyme_rise_group_chant_album_listen_latin_fusion_pattern_174
LSM-0175,verse,stacked_hooks,syncopated,light_internal,tension_build,preview_hook_line,live_performance,edm_drop_friendly,verse_stacked_hooks_syncopated_light_internal_tension_build_preview_hook_line_live_performance_edm_drop_friendly_pattern_175
LSM-0176,verse,ab_ca,half_time,mixed_scheme,confession,transition_bait,live_performance,acoustic_ballad,verse_ab_ca_half_time_mixed_scheme_confession_transition_bait_live_performance_acoustic_ballad_pattern_176
LSM-0177,breakdown,round_style,stop_start,light_internal,tension_build,shock_line,both,cumbia_reggae_friendly,breakdown_round_style_stop_start_light_internal_tension_build_shock_line_both_cumbia_reggae_friendly_pattern_177
LSM-0178,outro,progressive_build,stop_start,alt_rhyme,resolve,echo_hook,full_song_streaming,country_pop,outro_progressive_build_stop_start_alt_rhyme_resolve_echo_hook_full_song_streaming_country_pop_pattern_178
LSM-0179,bridge,chant_block,mid_tempo_bounce,mixed_scheme,confession,preview_hook_line,both,acoustic_ballad,bridge_chant_block_mid_tempo_bounce_mixed_scheme_confession_preview_hook_line_both_acoustic_ballad_pattern_179
LSM-0180,hook,ab_ca,syncopated,light_internal,tension_build,shock_line,tiktok_soundbite,trap_pop_friendly,hook_ab_ca_syncopated_light_internal_tension_build_shock_line_tiktok_soundbite_trap_pop_friendly_pattern_180
LSM-0181,bridge,ab_cb,double_time,near_rhyme,victory,repeatable_phrase,live_performance,reggaeton_pop,bridge_ab_cb_double_time_near_rhyme_victory_repeatable_phrase_live_performance_reggaeton_pop_pattern_181
LSM-0182,outro,riff_based,mid_tempo_bounce,no_rhyme,nostalgia,shock_line,both,latin_fusion,outro_riff_based_mid_tempo_bounce_no_rhyme_nostalgia_shock_line_both_latin_fusion_pattern_182
LSM-0183,intro,one_liner,half_time,mixed_scheme,tension_build,transition_bait,live_performance,indie_pop,intro_one_liner_half_time_mixed_scheme_tension_build_transition_bait_live_performance_indie_pop_pattern_183
LSM-0184,pre_chorus,stacked_hooks,laid_back,light_internal,nostalgia,shock_line,live_performance,rock_friendly,pre_chorus_stacked_hooks_laid_back_light_internal_nostalgia_shock_line_live_performance_rock_friendly_pattern_184
LSM-0185,verse,story_loop,laid_back,no_rhyme,victory,singalong_moment,live_performance,southern_rock_blues,verse_story_loop_laid_back_no_rhyme_victory_singalong_moment_live_performance_southern_rock_blues_pattern_185
LSM-0186,outro,hook_first,half_time,dense_end_rhyme,release,new_perspective,both,acoustic_ballad,outro_hook_first_half_time_dense_end_rhyme_release_new_perspective_both_acoustic_ballad_pattern_186
LSM-0187,hook,melodic_run,short_punchy,near_rhyme,release,transition_bait,both,latin_fusion,hook_melodic_run_short_punchy_near_rhyme_release_transition_bait_both_latin_fusion_pattern_187
LSM-0188,verse,ab_ca,short_punchy,light_internal,victory,anticipation_line,album_listen,latin_fusion,verse_ab_ca_short_punchy_light_internal_victory_anticipation_line_album_listen_latin_fusion_pattern_188
LSM-0189,breakdown,riff_based,long_flowing,mixed_scheme,twist,relatable_line,full_song_streaming,southern_rock_blues,breakdown_riff_based_long_flowing_mixed_scheme_twist_relatable_line_full_song_streaming_southern_rock_blues_pattern_189
LSM-0190,tag,aa_bb,short_punchy,near_rhyme,release,singalong_moment,live_performance,cross_genre,tag_aa_bb_short_punchy_near_rhyme_release_singalong_moment_live_performance_cross_genre_pattern_190
LSM-0191,verse,story_loop,syncopated,no_rhyme,reflection,transition_bait,album_listen,latin_fusion,verse_story_loop_syncopated_no_rhyme_reflection_transition_bait_album_listen_latin_fusion_pattern_191
LSM-0192,post_chorus,progressive_build,mid_tempo_bounce,mixed_scheme,confession,shout_along,full_song_streaming,cumbia_reggae_friendly,post_chorus_progressive_build_mid_tempo_bounce_mixed_scheme_confession_shout_along_full_song_streaming_cumbia_reggae_friendly_pattern_192
LSM-0193,tag,stacked_hooks,half_time,dense_end_rhyme,resolve,echo_hook,live_performance,cross_genre,tag_stacked_hooks_half_time_dense_end_rhyme_resolve_echo_hook_live_performance_cross_genre_pattern_193
LSM-0194,intro,progressive_build,half_time,slant_rhyme,release,singalong_moment,full_song_streaming,acoustic_ballad,intro_progressive_build_half_time_slant_rhyme_release_singalong_moment_full_song_streaming_acoustic_ballad_pattern_194
LSM-0195,hook,ab_cb,short_punchy,alt_rhyme,confession,story_pull,shorts_reels,latin_fusion,hook_ab_cb_short_punchy_alt_rhyme_confession_story_pull_shorts_reels_latin_fusion_pattern_195
LSM-0196,outro,call_response,double_time,light_internal,confession,shock_line,both,cross_genre,outro_call_response_double_time_light_internal_confession_shock_line_both_cross_genre_pattern_196
LSM-0197,bridge,hook_first,syncopated,light_internal,nostalgia,transition_bait,album_listen,southern_rock_blues,bridge_hook_first_syncopated_light_internal_nostalgia_transition_bait_album_listen_southern_rock_blues_pattern_197
LSM-0198,bridge,hook_fade,stop_start,triple_rhyme,tension_build,echo_hook,tiktok_soundbite,rock_friendly,bridge_hook_fade_stop_start_triple_rhyme_tension_build_echo_hook_tiktok_soundbite_rock_friendly_pattern_198
LSM-0199,pre_chorus,hook_teaser,syncopated,mixed_scheme,tension_build,echo_hook,tiktok_soundbite,indie_pop,pre_chorus_hook_teaser_syncopated_mixed_scheme_tension_build_echo_hook_tiktok_soundbite_indie_pop_pattern_199
LSM-0200,bridge,twist_section,stop_start,light_internal,confession,shock_line,full_song_streaming,rock_friendly,bridge_twist_section_stop_start_light_internal_confession_shock_line_full_song_streaming_rock_friendly_pattern_200
LSM-0201,chorus,riff_based,long_flowing,light_internal,victory,caption_friendly,tiktok_soundbite,reggaeton_pop,chorus_riff_based_long_flowing_light_internal_victory_caption_friendly_tiktok_soundbite_reggaeton_pop_pattern_201
LSM-0202,outro,progressive_build,double_time,mixed_scheme,release,anticipation_line,tiktok_soundbite,edm_drop_friendly,outro_progressive_build_double_time_mixed_scheme_release_anticipation_line_tiktok_soundbite_edm_drop_friendly_pattern_202
LSM-0203,post_chorus,progressive_build,long_flowing,near_rhyme,tension_build,story_pull,both,country_pop,post_chorus_progressive_build_long_flowing_near_rhyme_tension_build_story_pull_both_country_pop_pattern_203
LSM-0204,breakdown,twist_section,syncopated,mixed_scheme,nostalgia,story_pull,album_listen,trap_pop_friendly,breakdown_twist_section_syncopated_mixed_scheme_nostalgia_story_pull_album_listen_trap_pop_friendly_pattern_204
LSM-0205,breakdown,question_answer,half_time,triple_rhyme,melancholy_swell,repeatable_phrase,full_song_streaming,reggaeton_pop,breakdown_question_answer_half_time_triple_rhyme_melancholy_swell_repeatable_phrase_full_song_streaming_reggaeton_pop_pattern_205
LSM-0206,verse,one_liner,syncopated,alt_rhyme,rise,repeatable_phrase,full_song_streaming,acoustic_ballad,verse_one_liner_syncopated_alt_rhyme_rise_repeatable_phrase_full_song_streaming_acoustic_ballad_pattern_206
LSM-0207,verse,hook_fade,mid_tempo_bounce,no_rhyme,reflection,transition_bait,live_performance,cross_genre,verse_hook_fade_mid_tempo_bounce_no_rhyme_reflection_transition_bait_live_performance_cross_genre_pattern_207
LSM-0208,breakdown,twist_section,laid_back,mixed_scheme,melancholy_swell,group_chant,live_performance,edm_drop_friendly,breakdown_twist_section_laid_back_mixed_scheme_melancholy_swell_group_chant_live_performance_edm_drop_friendly_pattern_208
LSM-0209,intro,question_answer,mid_tempo_bounce,mixed_scheme,tension_build,loop_bait,both,edm_drop_friendly,intro_question_answer_mid_tempo_bounce_mixed_scheme_tension_build_loop_bait_both_edm_drop_friendly_pattern_209
LSM-0210,intro,call_response,syncopated,alt_rhyme,victory,loop_bait,live_performance,edm_drop_friendly,intro_call_response_syncopated_alt_rhyme_victory_loop_bait_live_performance_edm_drop_friendly_pattern_210
LSM-0211,hook,melodic_run,half_time,no_rhyme,confession,singalong_moment,full_song_streaming,cumbia_reggae_friendly,hook_melodic_run_half_time_no_rhyme_confession_singalong_moment_full_song_streaming_cumbia_reggae_friendly_pattern_211
LSM-0212,tag,ab_ab,double_time,light_internal,nostalgia,shout_along,live_performance,cumbia_reggae_friendly,tag_ab_ab_double_time_light_internal_nostalgia_shout_along_live_performance_cumbia_reggae_friendly_pattern_212
LSM-0213,bridge,one_liner,half_time,near_rhyme,nostalgia,shout_along,live_performance,cumbia_reggae_friendly,bridge_one_liner_half_time_near_rhyme_nostalgia_shout_along_live_performance_cumbia_reggae_friendly_pattern_213
LSM-0214,pre_chorus,melodic_run,half_time,no_rhyme,release,transition_bait,both,trap_pop_friendly,pre_chorus_melodic_run_half_time_no_rhyme_release_transition_bait_both_trap_pop_friendly_pattern_214
LSM-0215,post_chorus,build_drop,stop_start,mixed_scheme,release,caption_friendly,both,cumbia_reggae_friendly,post_chorus_build_drop_stop_start_mixed_scheme_release_caption_friendly_both_cumbia_reggae_friendly_pattern_215
LSM-0216,outro,aa_bb,stop_start,mixed_scheme,rise,preview_hook_line,full_song_streaming,edm_drop_friendly,outro_aa_bb_stop_start_mixed_scheme_rise_preview_hook_line_full_song_streaming_edm_drop_friendly_pattern_216
LSM-0217,chorus,riff_based,syncopated,slant_rhyme,resolve,story_pull,shorts_reels,trap_pop_friendly,chorus_riff_based_syncopated_slant_rhyme_resolve_story_pull_shorts_reels_trap_pop_friendly_pattern_217
LSM-0218,post_chorus,ab_cb,short_punchy,mixed_scheme,melancholy_swell,story_pull,live_performance,latin_fusion,post_chorus_ab_cb_short_punchy_mixed_scheme_melancholy_swell_story_pull_live_performance_latin_fusion_pattern_218
LSM-0219,pre_chorus,aaba,long_flowing,near_rhyme,reflection,repeatable_phrase,album_listen,rock_friendly,pre_chorus_aaba_long_flowing_near_rhyme_reflection_repeatable_phrase_album_listen_rock_friendly_pattern_219
LSM-0220,chorus,question_answer,half_time,alt_rhyme,resolve,loop_bait,shorts_reels,acoustic_ballad,chorus_question_answer_half_time_alt_rhyme_resolve_loop_bait_shorts_reels_acoustic_ballad_pattern_220
LSM-0221,breakdown,progressive_build,double_time,alt_rhyme,reflection,singalong_moment,full_song_streaming,latin_fusion,breakdown_progressive_build_double_time_alt_rhyme_reflection_singalong_moment_full_song_streaming_latin_fusion_pattern_221
LSM-0222,outro,round_style,stop_start,near_rhyme,resolve,singalong_moment,live_performance,edm_drop_friendly,outro_round_style_stop_start_near_rhyme_resolve_singalong_moment_live_performance_edm_drop_friendly_pattern_222
LSM-0223,post_chorus,ab_ab,syncopated,mixed_scheme,victory,shout_along,both,reggaeton_pop,post_chorus_ab_ab_syncopated_mixed_scheme_victory_shout_along_both_reggaeton_pop_pattern_223
LSM-0224,verse,one_liner,mid_tempo_bounce,near_rhyme,twist,group_chant,live_performance,edm_drop_friendly,verse_one_liner_mid_tempo_bounce_near_rhyme_twist_group_chant_live_performance_edm_drop_friendly_pattern_224
LSM-0225,bridge,aa_bb,laid_back,alt_rhyme,nostalgia,repeatable_phrase,album_listen,cross_genre,bridge_aa_bb_laid_back_alt_rhyme_nostalgia_repeatable_phrase_album_listen_cross_genre_pattern_225
LSM-0226,bridge,round_style,double_time,slant_rhyme,confession,shout_along,full_song_streaming,indie_pop,bridge_round_style_double_time_slant_rhyme_confession_shout_along_full_song_streaming_indie_pop_pattern_226
LSM-0227,intro,riff_based,mid_tempo_bounce,mixed_scheme,release,story_pull,tiktok_soundbite,acoustic_ballad,intro_riff_based_mid_tempo_bounce_mixed_scheme_release_story_pull_tiktok_soundbite_acoustic_ballad_pattern_227
LSM-0228,breakdown,ab_ca,syncopated,alt_rhyme,melancholy_swell,repeatable_phrase,tiktok_soundbite,cross_genre,breakdown_ab_ca_syncopated_alt_rhyme_melancholy_swell_repeatable_phrase_tiktok_soundbite_cross_genre_pattern_228
LSM-0229,post_chorus,progressive_build,long_flowing,no_rhyme,tension_build,singalong_moment,full_song_streaming,indie_pop,post_chorus_progressive_build_long_flowing_no_rhyme_tension_build_singalong_moment_full_song_streaming_indie_pop_pattern_229
LSM-0230,post_chorus,ab_cb,short_punchy,slant_rhyme,confession,caption_friendly,live_performance,country_pop,post_chorus_ab_cb_short_punchy_slant_rhyme_confession_caption_friendly_live_performance_country_pop_pattern_230
LSM-0231,verse,ab_cb,syncopated,dense_end_rhyme,victory,transition_bait,shorts_reels,edm_drop_friendly,verse_ab_cb_syncopated_dense_end_rhyme_victory_transition_bait_shorts_reels_edm_drop_friendly_pattern_231
LSM-0232,post_chorus,chant_block,short_punchy,mixed_scheme,resolve,transition_bait,album_listen,edm_drop_friendly,post_chorus_chant_block_short_punchy_mixed_scheme_resolve_transition_bait_album_listen_edm_drop_friendly_pattern_232
LSM-0233,verse,round_style,double_time,light_internal,victory,loop_bait,live_performance,reggaeton_pop,verse_round_style_double_time_light_internal_victory_loop_bait_live_performance_reggaeton_pop_pattern_233
LSM-0234,outro,hook_first,stop_start,alt_rhyme,rise,caption_friendly,album_listen,rock_friendly,outro_hook_first_stop_start_alt_rhyme_rise_caption_friendly_album_listen_rock_friendly_pattern_234
LSM-0235,post_chorus,hook_first,double_time,light_internal,nostalgia,anticipation_line,both,cumbia_reggae_friendly,post_chorus_hook_first_double_time_light_internal_nostalgia_anticipation_line_both_cumbia_reggae_friendly_pattern_235
LSM-0236,verse,twist_section,double_time,near_rhyme,rise,preview_hook_line,live_performance,rock_friendly,verse_twist_section_double_time_near_rhyme_rise_preview_hook_line_live_performance_rock_friendly_pattern_236
LSM-0237,pre_chorus,question_answer,syncopated,near_rhyme,release,shout_along,both,country_pop,pre_chorus_question_answer_syncopated_near_rhyme_release_shout_along_both_country_pop_pattern_237
LSM-0238,intro,one_liner,laid_back,dense_end_rhyme,resolve,repeatable_phrase,full_song_streaming,acoustic_ballad,intro_one_liner_laid_back_dense_end_rhyme_resolve_repeatable_phrase_full_song_streaming_acoustic_ballad_pattern_238
LSM-0239,outro,rise_drop,syncopated,triple_rhyme,rise,singalong_moment,both,indie_pop,outro_rise_drop_syncopated_triple_rhyme_rise_singalong_moment_both_indie_pop_pattern_239
LSM-0240,post_chorus,melodic_run,short_punchy,mixed_scheme,twist,shout_along,full_song_streaming,latin_fusion,post_chorus_melodic_run_short_punchy_mixed_scheme_twist_shout_along_full_song_streaming_latin_fusion_pattern_240
LSM-0241,bridge,question_answer,stop_start,mixed_scheme,release,group_chant,both,country_pop,bridge_question_answer_stop_start_mixed_scheme_release_group_chant_both_country_pop_pattern_241
LSM-0242,hook,round_style,half_time,light_internal,confession,shout_along,album_listen,southern_rock_blues,hook_round_style_half_time_light_internal_confession_shout_along_album_listen_southern_rock_blues_pattern_242
LSM-0243,pre_chorus,build_drop,half_time,mixed_scheme,tension_build,shout_along,full_song_streaming,cumbia_reggae_friendly,pre_chorus_build_drop_half_time_mixed_scheme_tension_build_shout_along_full_song_streaming_cumbia_reggae_friendly_pattern_243
LSM-0244,post_chorus,one_liner,syncopated,no_rhyme,release,relatable_line,album_listen,rock_friendly,post_chorus_one_liner_syncopated_no_rhyme_release_relatable_line_album_listen_rock_friendly_pattern_244
LSM-0245,breakdown,ab_ab,double_time,no_rhyme,twist,caption_friendly,tiktok_soundbite,trap_pop_friendly,breakdown_ab_ab_double_time_no_rhyme_twist_caption_friendly_tiktok_soundbite_trap_pop_friendly_pattern_245
LSM-0246,bridge,melodic_run,long_flowing,dense_end_rhyme,release,shock_line,live_performance,cumbia_reggae_friendly,bridge_melodic_run_long_flowing_dense_end_rhyme_release_shock_line_live_performance_cumbia_reggae_friendly_pattern_246
LSM-0247,breakdown,ab_ab,long_flowing,light_internal,resolve,singalong_moment,both,rock_friendly,breakdown_ab_ab_long_flowing_light_internal_resolve_singalong_moment_both_rock_friendly_pattern_247
LSM-0248,hook,rise_drop,short_punchy,near_rhyme,reflection,preview_hook_line,full_song_streaming,country_pop,hook_rise_drop_short_punchy_near_rhyme_reflection_preview_hook_line_full_song_streaming_country_pop_pattern_248
LSM-0249,verse,twist_section,long_flowing,mixed_scheme,confession,preview_hook_line,both,acoustic_ballad,verse_twist_section_long_flowing_mixed_scheme_confession_preview_hook_line_both_acoustic_ballad_pattern_249
LSM-0250,chorus,ab_cb,short_punchy,near_rhyme,reflection,loop_bait,album_listen,reggaeton_pop,chorus_ab_cb_short_punchy_near_rhyme_reflection_loop_bait_album_listen_reggaeton_pop_pattern_250
LSM-0251,verse,story_loop,half_time,alt_rhyme,resolve,transition_bait,full_song_streaming,country_pop,verse_story_loop_half_time_alt_rhyme_resolve_transition_bait_full_song_streaming_country_pop_pattern_251
LSM-0252,chorus,ab_cb,long_flowing,light_internal,reflection,story_pull,both,country_pop,chorus_ab_cb_long_flowing_light_internal_reflection_story_pull_both_country_pop_pattern_252
LSM-0253,verse,riff_based,double_time,light_internal,victory,loop_bait,full_song_streaming,acoustic_ballad,verse_riff_based_double_time_light_internal_victory_loop_bait_full_song_streaming_acoustic_ballad_pattern_253
LSM-0254,pre_chorus,hook_fade,long_flowing,mixed_scheme,victory,anticipation_line,tiktok_soundbite,indie_pop,pre_chorus_hook_fade_long_flowing_mixed_scheme_victory_anticipation_line_tiktok_soundbite_indie_pop_pattern_254
LSM-0255,pre_chorus,call_response,syncopated,dense_end_rhyme,nostalgia,loop_bait,live_performance,rock_friendly,pre_chorus_call_response_syncopated_dense_end_rhyme_nostalgia_loop_bait_live_performance_rock_friendly_pattern_255
LSM-0256,breakdown,build_drop,long_flowing,light_internal,tension_build,new_perspective,album_listen,country_pop,breakdown_build_drop_long_flowing_light_internal_tension_build_new_perspective_album_listen_country_pop_pattern_256
LSM-0257,outro,chant_block,stop_start,light_internal,release,preview_hook_line,both,trap_pop_friendly,outro_chant_block_stop_start_light_internal_release_preview_hook_line_both_trap_pop_friendly_pattern_257
LSM-0258,breakdown,question_answer,double_time,near_rhyme,victory,caption_friendly,live_performance,edm_drop_friendly,breakdown_question_answer_double_time_near_rhyme_victory_caption_friendly_live_performance_edm_drop_friendly_pattern_258
LSM-0259,pre_chorus,chant_block,short_punchy,light_internal,victory,story_pull,full_song_streaming,edm_drop_friendly,pre_chorus_chant_block_short_punchy_light_internal_victory_story_pull_full_song_streaming_edm_drop_friendly_pattern_259
LSM-0260,pre_chorus,riff_based,laid_back,mixed_scheme,victory,new_perspective,tiktok_soundbite,acoustic_ballad,pre_chorus_riff_based_laid_back_mixed_scheme_victory_new_perspective_tiktok_soundbite_acoustic_ballad_pattern_260
LSM-0261,chorus,hook_fade,half_time,near_rhyme,twist,transition_bait,live_performance,trap_pop_friendly,chorus_hook_fade_half_time_near_rhyme_twist_transition_bait_live_performance_trap_pop_friendly_pattern_261
LSM-0262,outro,hook_fade,long_flowing,near_rhyme,release,caption_friendly,live_performance,southern_rock_blues,outro_hook_fade_long_flowing_near_rhyme_release_caption_friendly_live_performance_southern_rock_blues_pattern_262
LSM-0263,hook,twist_section,short_punchy,dense_end_rhyme,tension_build,repeatable_phrase,both,southern_rock_blues,hook_twist_section_short_punchy_dense_end_rhyme_tension_build_repeatable_phrase_both_southern_rock_blues_pattern_263
LSM-0264,post_chorus,hook_fade,laid_back,no_rhyme,melancholy_swell,caption_friendly,tiktok_soundbite,country_pop,post_chorus_hook_fade_laid_back_no_rhyme_melancholy_swell_caption_friendly_tiktok_soundbite_country_pop_pattern_264
LSM-0265,outro,one_liner,half_time,alt_rhyme,resolve,singalong_moment,both,latin_fusion,outro_one_liner_half_time_alt_rhyme_resolve_singalong_moment_both_latin_fusion_pattern_265
LSM-0266,post_chorus,question_answer,mid_tempo_bounce,dense_end_rhyme,release,group_chant,album_listen,country_pop,post_chorus_question_answer_mid_tempo_bounce_dense_end_rhyme_release_group_chant_album_listen_country_pop_pattern_266
LSM-0267,breakdown,progressive_build,double_time,near_rhyme,nostalgia,shock_line,both,rock_friendly,breakdown_progressive_build_double_time_near_rhyme_nostalgia_shock_line_both_rock_friendly_pattern_267
LSM-0268,hook,rise_drop,long_flowing,mixed_scheme,victory,loop_bait,tiktok_soundbite,rock_friendly,hook_rise_drop_long_flowing_mixed_scheme_victory_loop_bait_tiktok_soundbite_rock_friendly_pattern_268
LSM-0269,chorus,question_answer,mid_tempo_bounce,triple_rhyme,reflection,anticipation_line,shorts_reels,trap_pop_friendly,chorus_question_answer_mid_tempo_bounce_triple_rhyme_reflection_anticipation_line_shorts_reels_trap_pop_friendly_pattern_269
LSM-0270,intro,one_liner,stop_start,no_rhyme,resolve,shock_line,shorts_reels,rock_friendly,intro_one_liner_stop_start_no_rhyme_resolve_shock_line_shorts_reels_rock_friendly_pattern_270
LSM-0271,tag,riff_based,laid_back,near_rhyme,reflection,loop_bait,album_listen,country_pop,tag_riff_based_laid_back_near_rhyme_reflection_loop_bait_album_listen_country_pop_pattern_271
LSM-0272,post_chorus,stacked_hooks,short_punchy,light_internal,confession,loop_bait,album_listen,indie_pop,post_chorus_stacked_hooks_short_punchy_light_internal_confession_loop_bait_album_listen_indie_pop_pattern_272
LSM-0273,chorus,twist_section,double_time,dense_end_rhyme,rise,new_perspective,album_listen,southern_rock_blues,chorus_twist_section_double_time_dense_end_rhyme_rise_new_perspective_album_listen_southern_rock_blues_pattern_273
LSM-0274,breakdown,one_liner,short_punchy,light_internal,confession,story_pull,full_song_streaming,rock_friendly,breakdown_one_liner_short_punchy_light_internal_confession_story_pull_full_song_streaming_rock_friendly_pattern_274
LSM-0275,bridge,melodic_run,short_punchy,no_rhyme,rise,transition_bait,live_performance,indie_pop,bridge_melodic_run_short_punchy_no_rhyme_rise_transition_bait_live_performance_indie_pop_pattern_275
LSM-0276,hook,build_drop,half_time,light_internal,confession,loop_bait,album_listen,reggaeton_pop,hook_build_drop_half_time_light_internal_confession_loop_bait_album_listen_reggaeton_pop_pattern_276
LSM-0277,post_chorus,hook_teaser,mid_tempo_bounce,near_rhyme,tension_build,echo_hook,full_song_streaming,rock_friendly,post_chorus_hook_teaser_mid_tempo_bounce_near_rhyme_tension_build_echo_hook_full_song_streaming_rock_friendly_pattern_277
LSM-0278,outro,melodic_run,long_flowing,slant_rhyme,melancholy_swell,loop_bait,album_listen,reggaeton_pop,outro_melodic_run_long_flowing_slant_rhyme_melancholy_swell_loop_bait_album_listen_reggaeton_pop_pattern_278
LSM-0279,intro,ab_ab,short_punchy,near_rhyme,nostalgia,singalong_moment,album_listen,reggaeton_pop,intro_ab_ab_short_punchy_near_rhyme_nostalgia_singalong_moment_album_listen_reggaeton_pop_pattern_279
LSM-0280,breakdown,ab_ca,long_flowing,mixed_scheme,melancholy_swell,preview_hook_line,shorts_reels,latin_fusion,breakdown_ab_ca_long_flowing_mixed_scheme_melancholy_swell_preview_hook_line_shorts_reels_latin_fusion_pattern_280
LSM-0281,tag,one_liner,double_time,alt_rhyme,melancholy_swell,new_perspective,album_listen,cross_genre,tag_one_liner_double_time_alt_rhyme_melancholy_swell_new_perspective_album_listen_cross_genre_pattern_281
LSM-0282,hook,riff_based,mid_tempo_bounce,no_rhyme,melancholy_swell,new_perspective,both,cumbia_reggae_friendly,hook_riff_based_mid_tempo_bounce_no_rhyme_melancholy_swell_new_perspective_both_cumbia_reggae_friendly_pattern_282
LSM-0283,intro,hook_teaser,syncopated,triple_rhyme,melancholy_swell,transition_bait,shorts_reels,cross_genre,intro_hook_teaser_syncopated_triple_rhyme_melancholy_swell_transition_bait_shorts_reels_cross_genre_pattern_283
LSM-0284,tag,stacked_hooks,long_flowing,no_rhyme,release,shock_line,both,indie_pop,tag_stacked_hooks_long_flowing_no_rhyme_release_shock_line_both_indie_pop_pattern_284
LSM-0285,intro,twist_section,mid_tempo_bounce,slant_rhyme,rise,group_chant,full_song_streaming,latin_fusion,intro_twist_section_mid_tempo_bounce_slant_rhyme_rise_group_chant_full_song_streaming_latin_fusion_pattern_285
LSM-0286,pre_chorus,chant_block,laid_back,no_rhyme,victory,singalong_moment,live_performance,country_pop,pre_chorus_chant_block_laid_back_no_rhyme_victory_singalong_moment_live_performance_country_pop_pattern_286
LSM-0287,intro,ab_ca,laid_back,mixed_scheme,reflection,loop_bait,album_listen,rock_friendly,intro_ab_ca_laid_back_mixed_scheme_reflection_loop_bait_album_listen_rock_friendly_pattern_287
LSM-0288,pre_chorus,question_answer,double_time,mixed_scheme,twist,transition_bait,album_listen,indie_pop,pre_chorus_question_answer_double_time_mixed_scheme_twist_transition_bait_album_listen_indie_pop_pattern_288
LSM-0289,chorus,story_loop,half_time,slant_rhyme,twist,singalong_moment,full_song_streaming,indie_pop,chorus_story_loop_half_time_slant_rhyme_twist_singalong_moment_full_song_streaming_indie_pop_pattern_289
LSM-0290,breakdown,riff_based,syncopated,mixed_scheme,victory,singalong_moment,both,acoustic_ballad,breakdown_riff_based_syncopated_mixed_scheme_victory_singalong_moment_both_acoustic_ballad_pattern_290
LSM-0291,post_chorus,ab_cb,stop_start,no_rhyme,nostalgia,singalong_moment,shorts_reels,acoustic_ballad,post_chorus_ab_cb_stop_start_no_rhyme_nostalgia_singalong_moment_shorts_reels_acoustic_ballad_pattern_291
LSM-0292,intro,one_liner,mid_tempo_bounce,mixed_scheme,reflection,caption_friendly,full_song_streaming,country_pop,intro_one_liner_mid_tempo_bounce_mixed_scheme_reflection_caption_friendly_full_song_streaming_country_pop_pattern_292
LSM-0293,chorus,progressive_build,half_time,triple_rhyme,release,shout_along,live_performance,southern_rock_blues,chorus_progressive_build_half_time_triple_rhyme_release_shout_along_live_performance_southern_rock_blues_pattern_293
LSM-0294,chorus,call_response,short_punchy,slant_rhyme,resolve,repeatable_phrase,tiktok_soundbite,latin_fusion,chorus_call_response_short_punchy_slant_rhyme_resolve_repeatable_phrase_tiktok_soundbite_latin_fusion_pattern_294
LSM-0295,hook,stacked_hooks,mid_tempo_bounce,near_rhyme,rise,loop_bait,shorts_reels,latin_fusion,hook_stacked_hooks_mid_tempo_bounce_near_rhyme_rise_loop_bait_shorts_reels_latin_fusion_pattern_295
LSM-0296,breakdown,stacked_hooks,laid_back,triple_rhyme,nostalgia,new_perspective,both,cross_genre,breakdown_stacked_hooks_laid_back_triple_rhyme_nostalgia_new_perspective_both_cross_genre_pattern_296
LSM-0297,verse,hook_fade,laid_back,dense_end_rhyme,release,echo_hook,shorts_reels,cross_genre,verse_hook_fade_laid_back_dense_end_rhyme_release_echo_hook_shorts_reels_cross_genre_pattern_297
LSM-0298,bridge,stacked_hooks,long_flowing,triple_rhyme,rise,repeatable_phrase,full_song_streaming,southern_rock_blues,bridge_stacked_hooks_long_flowing_triple_rhyme_rise_repeatable_phrase_full_song_streaming_southern_rock_blues_pattern_298
LSM-0299,tag,ab_cb,double_time,triple_rhyme,reflection,caption_friendly,live_performance,reggaeton_pop,tag_ab_cb_double_time_triple_rhyme_reflection_caption_friendly_live_performance_reggaeton_pop_pattern_299
LSM-0300,breakdown,ab_ca,syncopated,triple_rhyme,resolve,singalong_moment,tiktok_soundbite,rock_friendly,breakdown_ab_ca_syncopated_triple_rhyme_resolve_singalong_moment_tiktok_soundbite_rock_friendly_pattern_300
