vps_id,pattern_label,signal_type,signal_description,platform_context,strength_indicator,risk_indicator,recommended_use,example_usage_hint,notes
VPS-0001,sticky_chant_hook,lyrical,short_phrase_repeated_four_times,tiktok,high,overused_trope,use_once_per_song,one_line_chanted_over_beat,works_best_with_simple_rhythm
VPS-0002,relatable_one_liner,lyrical,everyday_phrase_with_twist,cross_platform,high,cringe_risk,center_the_hook,short_observation_that_flips_expectation,keep_language_clear_and_simple
VPS-0003,beat_switch_moment,production,clear_switch_in_groove_or_energy,tiktok,high,hard_to_execute,keep_as_b_section,drop_to_half_time_or_double_time,signal_visual_transition
VPS-0004,slow_burn_build,structure,gradual_increase_before_payoff,streaming,medium,listener_dropout,use_in_longer_tracks,add_layer_each_section,not_ideal_for_super_short_clips
VPS-0005,call_response_pattern,lyrical,question_answer_or_lead_reply,both,medium,overcrowded_lines,center_the_hook,one_voice_leads_crowd_replies,great_for_live_feel
VPS-0006,signature_sound_tag,production,unique_sound_or_fx_that_repeats,cross_platform,high,annoyance_if_overused,use_once_per_section,short_sfx_before_hook,helps_brand_recognition
VPS-0007,contrast_section,structure,soft_to_loud_or_dark_to_bright_switch,both,high,whiplash_if_misaligned,use_as_bridge_or_pre_chorus,quiet_verse_into_explosive_hook,emphasize_emotional_shift
VPS-0008,meme_friendly_line,lyrical,line_that_invites_caption_or_remix,tiktok,high,context_misuse,keep_as_single_strong_line,one_sentence_that_fits_many_situations,avoid_sensitive_topics
VPS-0009,emotional_drop_hook_a,structure,hook_that_hits_after_short_silence,tiktok,high,execution_risk,center_the_hook,use_pause_then_hook_for_tiktok,adds_strong_contrast
VPS-0010,emotional_drop_hook_b,structure,hook_that_hits_after_short_silence,streaming,medium,listener_dropout,use_in_pre_chorus,use_pause_before_lift_for_streaming,better_in_longer_tracks
VPS-0011,emotional_drop_hook_c,structure,hook_that_hits_after_short_silence,cross_platform,high,overused_trope,use_in_intro,short_drop_out_then_hook_for_replay,works_best_with_clear_rhythm
VPS-0012,emotional_drop_hook_d,structure,hook_that_hits_after_short_silence,both,medium,context_misuse,use_as_bridge,use_pause_to_reset_energy_for_both,good_for_emotional_songs
VPS-0013,emotional_drop_hook_e,structure,hook_that_hits_after_short_silence,tiktok,high,noise_clutter,center_the_hook,use_single_big_drop_for_clip,keep_other_elements_minimal
VPS-0014,emotional_drop_hook_f,structure,hook_that_hits_after_short_silence,streaming,medium,execution_risk,use_in_outro,use_pause_then_final_line_for_streaming,strong_for_album_cuts
VPS-0015,whispered_adlib_a,production,soft_whisper_layer_supporting_line,tiktok,high,cringe_risk,center_the_hook,use_whisper_on_last_word_for_tiktok,can_be_very_intimate
VPS-0016,whispered_adlib_b,production,soft_whisper_layer_supporting_line,streaming,medium,noise_clutter,use_in_pre_chorus,use_sparse_whispers_for_tension,works_best_with_space
VPS-0017,whispered_adlib_c,production,soft_whisper_layer_supporting_line,cross_platform,medium,context_misuse,use_in_intro,use_single_whisper_to_set_mood,avoid_heavy_stack
VPS-0018,whispered_adlib_d,production,soft_whisper_layer_supporting_line,both,high,overused_trope,use_as_bridge,build_whispers_then_release,good_for_dark_vibes
VPS-0019,whispered_adlib_e,production,soft_whisper_layer_supporting_line,tiktok,medium,listener_dropout,use_in_verse_section,use_short_whisper_punctuations,do_not_overload_mix
VPS-0020,whispered_adlib_f,production,soft_whisper_layer_supporting_line,streaming,medium,execution_risk,use_in_outro,use_trail_of_whispers_to_close,subtlety_is_key
VPS-0021,octave_jump_line_a,lyrical,melody_leaps_up_one_octave_on_word,tiktok,high,pitch_strain,center_the_hook,hit_octave_jump_on_title_word,creates_big_moment
VPS-0022,octave_jump_line_b,lyrical,melody_leaps_up_one_octave_on_word,streaming,medium,execution_risk,use_in_pre_chorus,use_jump_to_signal_upcoming_hook,strong_for_pop_vocals
VPS-0023,octave_jump_line_c,lyrical,melody_leaps_up_one_octave_on_word,cross_platform,high,overused_trope,use_in_intro,tease_jump_then_resolve_later,keep_it_rare
VPS-0024,octave_jump_line_d,lyrical,melody_leaps_up_one_octave_on_word,both,medium,listener_dropout,use_as_bridge,use_jump_on_final_bridge_line,works_in_ballads
VPS-0025,octave_jump_line_e,lyrical,melody_leaps_up_one_octave_on_word,tiktok,high,cringe_risk,center_the_hook,use_single_clean_jump_in_clip,avoid_multiple_jumps
VPS-0026,octave_jump_line_f,lyrical,melody_leaps_up_one_octave_on_word,streaming,medium,execution_risk,use_in_outro,final_octave_jump_before_fade,intense_but_satisfying
VPS-0027,micro_phrase_loop_a,production,one_bar_phrase_looped_throughout,tiktok,high,overused_trope,center_the_hook,loop_catchy_bar_for_reels,very_platform_friendly
VPS-0028,micro_phrase_loop_b,production,one_bar_phrase_looped_throughout,streaming,medium,listener_dropout,use_in_pre_chorus,use_loop_then_add_layers,good_for_dance_tracks
VPS-0029,micro_phrase_loop_c,production,one_bar_phrase_looped_throughout,cross_platform,high,noise_clutter,use_in_intro,start_with_loop_then_open,keep_sound_clean
VPS-0030,micro_phrase_loop_d,production,one_bar_phrase_looped_throughout,both,medium,context_misuse,use_as_bridge,strip_back_to_loop_mid_song,helps_reset_ears
VPS-0031,micro_phrase_loop_e,production,one_bar_phrase_looped_throughout,tiktok,high,cringe_risk,center_the_hook,use_loop_over_visual_trend,align_with_edit_rhythm
VPS-0032,micro_phrase_loop_f,production,one_bar_phrase_looped_throughout,streaming,medium,execution_risk,use_in_outro,fade_out_with_loop,keep_energy_consistent
VPS-0033,ironic_twist_line_a,lyrical,sentence_that_flips_meaning_on_last_word,tiktok,high,misinterpretation,center_the_hook,land_twist_on_final_word,boosts_comment_debate
VPS-0034,ironic_twist_line_b,lyrical,sentence_that_flips_meaning_on_last_word,streaming,medium,cringe_risk,use_in_verse_section,let_story_build_then_flip,works_in_story_songs
VPS-0035,ironic_twist_line_c,lyrical,sentence_that_flips_meaning_on_last_word,cross_platform,high,context_misuse,use_in_pre_chorus,set_expectation_then_flip,keep_twist_clear
VPS-0036,ironic_twist_line_d,lyrical,sentence_that_flips_meaning_on_last_word,both,medium,listener_dropout,use_as_bridge,use_twist_as_perspective_shift,avoid_overcomplication
VPS-0037,ironic_twist_line_e,lyrical,sentence_that_flips_meaning_on_last_word,tiktok,high,overused_trope,center_the_hook,one_strong_twist_line_per_clip,do_not_stack_twists
VPS-0038,ironic_twist_line_f,lyrical,sentence_that_flips_meaning_on_last_word,streaming,medium,execution_risk,use_in_outro,close_song_with_final_twist,gives_replay_reason
VPS-0039,nostalgia_flash_a,lyrical,reference_to_shared_past_experience,tiktok,high,cheese_factor,center_the_hook,invoke_common_childhood_memory,aim_for_broad_recall
VPS-0040,nostalgia_flash_b,lyrical,reference_to_shared_past_experience,streaming,medium,listener_dropout,use_in_verse_section,tie_memory_to_current_story,works_in_mid_tempo
VPS-0041,nostalgia_flash_c,lyrical,reference_to_shared_past_experience,cross_platform,high,context_misuse,use_in_pre_chorus,use_universal_imagery_not_specific,avoid_brand_names
VPS-0042,nostalgia_flash_d,lyrical,reference_to_shared_past_experience,both,medium,overused_trope,use_as_bridge,flashback_bridge_moment,good_for_emotional_arcs
VPS-0043,nostalgia_flash_e,lyrical,reference_to_shared_past_experience,tiktok,high,cringe_risk,center_the_hook,use_clean_simple_memory_line,avoid_excess_details
VPS-0044,nostalgia_flash_f,lyrical,reference_to_shared_past_experience,streaming,medium,execution_risk,use_in_outro,fade_on_nostalgic_refrain,encourages_soft_replays
VPS-0045,glitch_emphasis_cut_a,production,tiny_glitch_cut_highlighting_word,tiktok,high,noise_clutter,center_the_hook,stutter_on_keyword_for_edits,align_with_visual_jump
VPS-0046,glitch_emphasis_cut_b,production,tiny_glitch_cut_highlighting_word,streaming,medium,execution_risk,use_in_pre_chorus,use_small_glitch_not_constant,gives_modern_edge
VPS-0047,glitch_emphasis_cut_c,production,tiny_glitch_cut_highlighting_word,cross_platform,high,overused_trope,use_in_intro,glitch_first_hook_preview,works_for_electronic
VPS-0048,glitch_emphasis_cut_d,production,tiny_glitch_cut_highlighting_word,both,medium,context_misuse,use_as_bridge,glitch_bridge_before_return,keep_core_groove_intact
VPS-0049,glitch_emphasis_cut_e,production,tiny_glitch_cut_highlighting_word,tiktok,high,cringe_risk,center_the_hook,stutter_once_per_clip,avoid_overprocessing
VPS-0050,glitch_emphasis_cut_f,production,tiny_glitch_cut_highlighting_word,streaming,medium,listener_dropout,use_in_outro,glitch_out_song_end,feels_experimental
VPS-0051,spoken_confession_a,lyrical,short_spoken_moment_before_hook,tiktok,high,cheese_factor,center_the_hook,one_sentence_truth_before_drop,feels_personal
VPS-0052,spoken_confession_b,lyrical,short_spoken_moment_before_hook,streaming,medium,listener_dropout,use_in_verse_section,drop_music_and_speak_line,keep_under_two_bars
VPS-0053,spoken_confession_c,lyrical,short_spoken_moment_before_hook,cross_platform,medium,context_misuse,use_in_pre_chorus,confession_that_sets_up_hook,avoid_inside_jokes
VPS-0054,spoken_confession_d,lyrical,short_spoken_moment_before_hook,both,medium,overused_trope,use_as_bridge,spoken_bridge_between_choruses,works_in_pop_rnb
VPS-0055,spoken_confession_e,lyrical,short_spoken_moment_before_hook,tiktok,high,cringe_risk,center_the_hook,use_spoken_line_in_clip_intro,delicate_delivery_needed
VPS-0056,spoken_confession_f,lyrical,short_spoken_moment_before_hook,streaming,medium,execution_risk,use_in_outro,spoken_voicemail_style_ending,can_extend_story
VPS-0057,crowd_chant_layer_a,production,group_voice_layer_under_hook,tiktok,high,noise_clutter,center_the_hook,stack_voices_on_main_line,boosts_energy
VPS-0058,crowd_chant_layer_b,production,group_voice_layer_under_hook,streaming,medium,overused_trope,use_in_pre_chorus,blend_crowd_softly_with_lead,avoid_muddy_mix
VPS-0059,crowd_chant_layer_c,production,group_voice_layer_under_hook,cross_platform,high,listener_dropout,use_in_intro,short_crowd_intro_chant,good_for_anthem_songs
VPS-0060,crowd_chant_layer_d,production,group_voice_layer_under_hook,both,medium,context_misuse,use_as_bridge,use_crowd_chant_mid_song,helps_live_translation
VPS-0061,crowd_chant_layer_e,production,group_voice_layer_under_hook,tiktok,high,cringe_risk,center_the_hook,use_chant_for_dance_challenge,keep_phrasing_simple
VPS-0062,crowd_chant_layer_f,production,group_voice_layer_under_hook,streaming,medium,execution_risk,use_in_outro,fade_out_on_crowd_chant,feels_concert_like
VPS-0063,reverse_reverb_suckin_a,production,reverse_reverb_swelling_into_phrase,tiktok,high,execution_risk,center_the_hook,reverse_swell_into_first_word,cinematic_signal
VPS-0064,reverse_reverb_suckin_b,production,reverse_reverb_swelling_into_phrase,streaming,medium,noise_clutter,use_in_pre_chorus,reverse_pad_into_drop,do_not_overlayer
VPS-0065,reverse_reverb_suckin_c,production,reverse_reverb_swelling_into_phrase,cross_platform,high,overused_trope,use_in_intro,reverse_reverb_on_intro_vocal,classic_pop_trick
VPS-0066,reverse_reverb_suckin_d,production,reverse_reverb_swelling_into_phrase,both,medium,context_misuse,use_as_bridge,reverse_swell_into_bridge_hook,works_in_ballads
VPS-0067,reverse_reverb_suckin_e,production,reverse_reverb_swelling_into_phrase,tiktok,high,cringe_risk,center_the_hook,use_swell_once_per_clip,avoid_repetition
VPS-0068,reverse_reverb_suckin_f,production,reverse_reverb_swelling_into_phrase,streaming,medium,listener_dropout,use_in_outro,reverse_reverb_tail_to_end,adds_space
VPS-0069,half_line_drop_a,structure,second_half_of_line_cuts_out,tiktok,high,execution_risk,center_the_hook,drop_music_mid_line_for_impact,create_surprise
VPS-0070,half_line_drop_b,structure,second_half_of_line_cuts_out,streaming,medium,listener_dropout,use_in_pre_chorus,cut_line_before_resolving,forces_attention
VPS-0071,half_line_drop_c,structure,second_half_of_line_cuts_out,cross_platform,medium,context_misuse,use_in_intro,use_cut_to_signal_hook_style,works_with_strong_beat
VPS-0072,half_line_drop_d,structure,second_half_of_line_cuts_out,both,medium,overused_trope,use_as_bridge,cut_line_to_shift_perspective,do_not_overdo
VPS-0073,half_line_drop_e,structure,second_half_of_line_cuts_out,tiktok,high,cringe_risk,center_the_hook,use_once_per_clip_for_shock,needs_precise_timing
VPS-0074,half_line_drop_f,structure,second_half_of_line_cuts_out,streaming,medium,execution_risk,use_in_outro,use_cut_then_final_hit,good_for_close
VPS-0075,minimalist_hook_core_a,structure,ultra_short_repetitive_hook_phrase,tiktok,high,overused_trope,center_the_hook,one_or_two_word_hook,leans_on_beat
VPS-0076,minimalist_hook_core_b,structure,ultra_short_repetitive_hook_phrase,streaming,medium,listener_dropout,use_in_pre_chorus,transition_from_minimal_to_full,works_in_hybrid_tracks
VPS-0077,minimalist_hook_core_c,structure,ultra_short_repetitive_hook_phrase,cross_platform,high,cringe_risk,use_in_intro,tease_minimal_hook_then_expand,keep_words_strong
VPS-0078,minimalist_hook_core_d,structure,ultra_short_repetitive_hook_phrase,both,medium,context_misuse,use_as_bridge,strip_back_to_minimal_phrase,good_reset_tool
VPS-0079,minimalist_hook_core_e,structure,ultra_short_repetitive_hook_phrase,tiktok,high,noise_clutter,center_the_hook,repeat_phrase_over_bouncy_beat,very_clip_friendly
VPS-0080,minimalist_hook_core_f,structure,ultra_short_repetitive_hook_phrase,streaming,medium,execution_risk,use_in_outro,fade_on_minimal_phrase,can_be_addictive
VPS-0081,anthemic_shout_line_a,lyrical,high_energy_shouted_hook_phrase,tiktok,high,vocal_strain,center_the_hook,shout_line_over_drop,good_for_sports_vibes
VPS-0082,anthemic_shout_line_b,lyrical,high_energy_shouted_hook_phrase,streaming,medium,listener_dropout,use_in_pre_chorus,blend_shout_with_melody,avoid_constant_shouting
VPS-0083,anthemic_shout_line_c,lyrical,high_energy_shouted_hook_phrase,cross_platform,high,cringe_risk,use_in_intro,short_shout_to_start_song,signals_energy
VPS-0084,anthemic_shout_line_d,lyrical,high_energy_shouted_hook_phrase,both,medium,overused_trope,use_as_bridge,use_shout_call_to_crowd,good_for_live_versions
VPS-0085,anthemic_shout_line_e,lyrical,high_energy_shouted_hook_phrase,tiktok,high,context_misuse,center_the_hook,shout_line_for_chant_trend,requires_confident_delivery
VPS-0086,anthemic_shout_line_f,lyrical,high_energy_shouted_hook_phrase,streaming,medium,execution_risk,use_in_outro,final_shout_before_cut,leave_strong_impression
VPS-0087,broken_meter_bar_a,lyrical,line_that_breaks_expected_rhythm_pattern,tiktok,medium,listener_dropout,center_the_hook,use_one_off_meter_break,draws_attention
VPS-0088,broken_meter_bar_b,lyrical,line_that_breaks_expected_rhythm_pattern,streaming,medium,execution_risk,use_in_verse_section,break_pattern_for_story_point,return_to_groove_after
VPS-0089,broken_meter_bar_c,lyrical,line_that_breaks_expected_rhythm_pattern,cross_platform,medium,context_misuse,use_in_pre_chorus,use_extra_syllables_then_catch_up,keep_band_locked
VPS-0090,broken_meter_bar_d,lyrical,line_that_breaks_expected_rhythm_pattern,both,medium,overused_trope,use_as_bridge,use_rubato_like_delivery,works_in_alt_genres
VPS-0091,broken_meter_bar_e,lyrical,line_that_breaks_expected_rhythm_pattern,tiktok,medium,cringe_risk,center_the_hook,showcase_meter_trick_in_clip,works_with_visuals
VPS-0092,broken_meter_bar_f,lyrical,line_that_breaks_expected_rhythm_pattern,streaming,medium,listener_dropout,use_in_outro,use_free_time_line_before_end,for_artsier_tracks
VPS-0093,meta_comment_bar_a,lyrical,line_commenting_on_song_or_performance,tiktok,high,cringe_risk,center_the_hook,meta_line_about_hook_itself,feeds_comment_section
VPS-0094,meta_comment_bar_b,lyrical,line_commenting_on_song_or_performance,streaming,medium,listener_dropout,use_in_verse_section,use_meta_as_light_relief,avoid_overexplaining
VPS-0095,meta_comment_bar_c,lyrical,line_commenting_on_song_or_performance,cross_platform,medium,context_misuse,use_in_pre_chorus,brief_wink_to_listener,keep_it_casual
VPS-0096,meta_comment_bar_d,lyrical,line_commenting_on_song_or_performance,both,medium,overused_trope,use_as_bridge,meta_bridge_about_replay,fun_for_fans
VPS-0097,meta_comment_bar_e,lyrical,line_commenting_on_song_or_performance,tiktok,high,cheese_factor,center_the_hook,use_self_aware_line_for_meme,stay_playful_not_arrogant
VPS-0098,meta_comment_bar_f,lyrical,line_commenting_on_song_or_performance,streaming,medium,execution_risk,use_in_outro,thank_you_style_meta_line,classic_but_optional
VPS-0099,silhouette_drop_a,structure,drop_with_only_core_element_playing,tiktok,high,energy_loss,center_the_hook,remove_drums_keep_lead,creates_space_for_dancers
VPS-0100,silhouette_drop_b,structure,drop_with_only_core_element_playing,streaming,medium,listener_dropout,use_in_pre_chorus,thin_out_before_full_drop,works_in_edm_pop
VPS-0101,silhouette_drop_c,structure,drop_with_only_core_element_playing,cross_platform,high,context_misuse,use_in_intro,show_minimal_drop_early,teases_full_mix
VPS-0102,silhouette_drop_d,structure,drop_with_only_core_element_playing,both,medium,overused_trope,use_as_bridge,strip_back_for_acapella_moment,good_live_trick
VPS-0103,silhouette_drop_e,structure,drop_with_only_core_element_playing,tiktok,high,cringe_risk,center_the_hook,combine_silhouette_with_visual_transition,strong_for_edits
VPS-0104,silhouette_drop_f,structure,drop_with_only_core_element_playing,streaming,medium,execution_risk,use_in_outro,end_on_minimal_texture,keep_low_end_clean
VPS-0105,gravity_glide_a,production,descending_pitch_glide_signalling_change,tiktok,high,overused_trope,center_the_hook,use_down_glide_into_drop,very_edm_friendly
VPS-0106,gravity_glide_b,production,descending_pitch_glide_signalling_change,streaming,medium,noise_clutter,use_in_pre_chorus,glide_on_synth_before_chorus,avoid_layer_overload
VPS-0107,gravity_glide_c,production,descending_pitch_glide_signalling_change,cross_platform,medium,execution_risk,use_in_intro,down_glide_into_first_beat,classic_but_effective
VPS-0108,gravity_glide_d,production,descending_pitch_glide_signalling_change,both,medium,context_misuse,use_as_bridge,glide_through_bridge_transition,needs_tuning
VPS-0109,gravity_glide_e,production,descending_pitch_glide_signalling_change,tiktok,high,cringe_risk,center_the_hook,attach_glide_to_visual_fall,align_with_edit_speed
VPS-0110,gravity_glide_f,production,descending_pitch_glide_signalling_change,streaming,medium,listener_dropout,use_in_outro,slow_glide_down_to_silence,good_for_chill_tracks
VPS-0111,catchphrase_callback_a,lyrical,reused_catchphrase_from_earlier_section,tiktok,high,overused_trope,center_the_hook,reuse_phrase_with_new_context,strong_for_memorability
VPS-0112,catchphrase_callback_b,lyrical,reused_catchphrase_from_earlier_section,streaming,high,listener_dropout,use_in_pre_chorus,bring_back_phrase_as_pre_hook,helps_them_sing_along
VPS-0113,catchphrase_callback_c,lyrical,reused_catchphrase_from_earlier_section,cross_platform,high,cringe_risk,use_in_verse_section,callback_inside_new_situation,avoid_forced_usage
VPS-0114,catchphrase_callback_d,lyrical,reused_catchphrase_from_earlier_section,both,high,context_misuse,use_as_bridge,twist_meaning_of_catchphrase,advanced_but_rewarding
VPS-0115,catchphrase_callback_e,lyrical,reused_catchphrase_from_earlier_section,tiktok,high,overused_trope,center_the_hook,use_as_tagline_across_versions,good_for_branding
VPS-0116,catchphrase_callback_f,lyrical,reused_catchphrase_from_earlier_section,streaming,medium,execution_risk,use_in_outro,end_on_signature_phrase,anchors_song_identity
VPS-0117,heartbeat_kick_a,production,kick_pattern_mimicking_heartbeat_pulse,tiktok,medium,listener_dropout,center_the_hook,use_heartbeat_under_vocal,adds_intimacy
VPS-0118,heartbeat_kick_b,production,kick_pattern_mimicking_heartbeat_pulse,streaming,medium,noise_clutter,use_in_verse_section,use_soft_kicks_under_story,keep_sidechain_gentle
VPS-0119,heartbeat_kick_c,production,kick_pattern_mimicking_heartbeat_pulse,cross_platform,medium,context_misuse,use_in_intro,start_with_heartbeat_then_expand,good_for_ballads
VPS-0120,heartbeat_kick_d,production,kick_pattern_mimicking_heartbeat_pulse,both,medium,overused_trope,use_as_bridge,heartbeat_bridge_before_climax,works_for_love_songs
VPS-0121,heartbeat_kick_e,production,kick_pattern_mimicking_heartbeat_pulse,tiktok,medium,cringe_risk,center_the_hook,use_heartbeat_with_lyric_reference,keep_sound_modern
VPS-0122,heartbeat_kick_f,production,kick_pattern_mimicking_heartbeat_pulse,streaming,medium,execution_risk,use_in_outro,fade_on_heartbeat_pattern,subtle_emotional_end
VPS-0123,quirky_object_fx_a,production,real_world_object_sound_used_as_motif,tiktok,high,gimmick_risk,center_the_hook,turn_object_sound_into_riff,helps_song_stand_out
VPS-0124,quirky_object_fx_b,production,real_world_object_sound_used_as_motif,streaming,medium,noise_clutter,use_in_intro,introduce_object_sound_then_filter,keep_mix_clean
VPS-0125,quirky_object_fx_c,production,real_world_object_sound_used_as_motif,cross_platform,medium,context_misuse,use_in_pre_chorus,match_object_fx_to_lyric_topic,avoid_randomness
VPS-0126,quirky_object_fx_d,production,real_world_object_sound_used_as_motif,both,medium,overused_trope,use_as_bridge,use_object_loop_then_morph,good_for_alt_pop
VPS-0127,quirky_object_fx_e,production,real_world_object_sound_used_as_motif,tiktok,high,cringe_risk,center_the_hook,align_object_sound_with_visual_prop,works_forchallenges
VPS-0128,quirky_object_fx_f,production,real_world_object_sound_used_as_motif,streaming,medium,execution_risk,use_in_outro,let_object_sound_be_last_element,can_be_signature
VPS-0129,echo_question_a,lyrical,question_line_with_long_echo_tail,tiktok,high,overused_trope,center_the_hook,ask_question_that_echoes_out,invites_response
VPS-0130,echo_question_b,lyrical,question_line_with_long_echo_tail,streaming,medium,listener_dropout,use_in_pre_chorus,use_question_to_set_up_hook,keep_text_simple
VPS-0131,echo_question_c,lyrical,question_line_with_long_echo_tail,cross_platform,medium,context_misuse,use_in_verse_section,question_about_internal_state,avoid_preaching
VPS-0132,echo_question_d,lyrical,question_line_with_long_echo_tail,both,medium,overused_trope,use_as_bridge,bridge_full_of_unanswered_questions,good_for_emotional_songs
VPS-0133,echo_question_e,lyrical,question_line_with_long_echo_tail,tiktok,high,cringe_risk,center_the_hook,question_line_usable_as_caption,clear_and_direct
VPS-0134,echo_question_f,lyrical,question_line_with_long_echo_tail,streaming,medium,execution_risk,use_in_outro,final_question_with_echo_tail,leaves_open_ending
VPS-0135,whistle_motif_a,production,simple_whistled_phrase_repeating_often,tiktok,high,annoyance_risk,center_the_hook,whistle_hook_over_sparse_beat,very_earwormy
VPS-0136,whistle_motif_b,production,simple_whistled_phrase_repeating_often,streaming,medium,listener_dropout,use_in_intro,start_song_with_whistle,works_for_indie_pop
VPS-0137,whistle_motif_c,production,simple_whistled_phrase_repeating_often,cross_platform,medium,context_misuse,use_in_pre_chorus,use_whistle_then_hand_off_to_vocal,check_tuning
VPS-0138,whistle_motif_d,production,simple_whistled_phrase_repeating_often,both,medium,overused_trope,use_as_bridge,whistled_bridge_for_relief,can_feel_playful
VPS-0139,whistle_motif_e,production,simple_whistled_phrase_repeating_often,tiktok,high,cringe_risk,center_the_hook,build_trend_around_whistle_line,keep_phrase_short
VPS-0140,whistle_motif_f,production,simple_whistled_phrase_repeating_often,streaming,medium,execution_risk,use_in_outro,end_on_whistled_refrain,lighthearted_finish
VPS-0141,texture_switch_bridge_a,structure,bridge_with_completely_new_texture,tiktok,medium,listener_dropout,center_the_hook,bridge_texturally_different_for_edits,offers_visual_reset
VPS-0142,texture_switch_bridge_b,structure,bridge_with_completely_new_texture,streaming,medium,context_misuse,use_in_bridge,swap_drums_and_pads_completely,handle_transition_carefully
VPS-0143,texture_switch_bridge_c,structure,bridge_with_completely_new_texture,cross_platform,medium,execution_risk,use_in_pre_chorus,use_new_texture_as_pre_lift,keeps_song_fresh
VPS-0144,texture_switch_bridge_d,structure,bridge_with_completely_new_texture,both,medium,overused_trope,use_in_verse_section,use_subtle_texture_change_early,avoid_too_many_swaps
VPS-0145,texture_switch_bridge_e,structure,bridge_with_completely_new_texture,tiktok,medium,cringe_risk,center_the_hook,bridge_texture_for_trend_switch,aim_for_clear_contrast
VPS-0146,texture_switch_bridge_f,structure,bridge_with_completely_new_texture,streaming,medium,listener_dropout,use_in_outro,texture_shift_for_extended_version,best_for_album_cuts
VPS-0147,syncopated_bounce_a,production,emphasis_on_offbeats_creating_bounce,tiktok,high,rhythm_confusion,center_the_hook,offbeat_claps_for_dance_bounce,great_for_loops
VPS-0148,syncopated_bounce_b,production,emphasis_on_offbeats_creating_bounce,streaming,medium,listener_dropout,use_in_verse_section,syncopated_hat_pattern,keep_kicks_simple
VPS-0149,syncopated_bounce_c,production,emphasis_on_offbeats_creating_bounce,cross_platform,medium,context_misuse,use_in_pre_chorus,add_offbeat_elements_before_hook,do_not_overfill
VPS-0150,syncopated_bounce_d,production,emphasis_on_offbeats_creating_bounce,both,medium,execution_risk,use_as_bridge,syncopated_break_section,fun_for_rhythm_heads
VPS-0151,syncopated_bounce_e,production,emphasis_on_offbeats_creating_bounce,tiktok,high,cringe_risk,center_the_hook,hyper_bouncy_pattern_for_dance,tests_performance_mixing
VPS-0152,syncopated_bounce_f,production,emphasis_on_offbeats_creating_bounce,streaming,medium,listener_dropout,use_in_outro,soft_syncopation_as_fade,keeps_motion_till_end
VPS-0153,bright_dark_flip_a,structure,shift_from_bright_to_darker_harmony,tiktok,high,context_misuse,center_the_hook,major_to_minor_on_second_hook,emotional_shock
VPS-0154,bright_dark_flip_b,structure,shift_from_bright_to_darker_harmony,streaming,high,listener_dropout,use_in_bridge,flip_harmony_to_signal_new_stage,works_in_concept_albums
VPS-0155,bright_dark_flip_c,structure,shift_from_bright_to_darker_harmony,cross_platform,medium,execution_risk,use_in_pre_chorus,slip_minor_color_before_drop,subtle_but_effective
VPS-0156,bright_dark_flip_d,structure,shift_from_bright_to_darker_harmony,both,medium,overused_trope,use_in_verse_section,start_dark_then_brighten,reverse_the_classic
VPS-0157,bright_dark_flip_e,structure,shift_from_bright_to_darker_harmony,tiktok,high,cringe_risk,center_the_hook,show_bright_dark_change_in_clip,works_with_color_grading
VPS-0158,bright_dark_flip_f,structure,shift_from_bright_to_darker_harmony,streaming,medium,listener_dropout,use_in_outro,end_on_darker_chord,leaves_haunting_feel
VPS-0159,micro_glitch_fill_a,production,tiny_glitch_fill_between_two_phrases,tiktok,medium,noise_clutter,center_the_hook,stutter_one_step_between_lines,modern_pop_detail
VPS-0160,micro_glitch_fill_b,production,tiny_glitch_fill_between_two_phrases,streaming,medium,listener_dropout,use_in_verse_section,use_glitch_on_transition_words,keep_short
VPS-0161,micro_glitch_fill_c,production,tiny_glitch_fill_between_two_phrases,cross_platform,medium,context_misuse,use_in_pre_chorus,glitch_before_main_lift,avoid_stack_with_other_fx
VPS-0162,micro_glitch_fill_d,production,tiny_glitch_fill_between_two_phrases,both,medium,execution_risk,use_as_bridge,glitch_break_in_bridge,works_in_alt_electronic
VPS-0163,micro_glitch_fill_e,production,tiny_glitch_fill_between_two_phrases,tiktok,medium,cringe_risk,center_the_hook,showcase_glitch_in_edit,trigger_visual_stutter
VPS-0164,micro_glitch_fill_f,production,tiny_glitch_fill_between_two_phrases,streaming,medium,listener_dropout,use_in_outro,glitch_fade_to_silence,can_sound_experimental
VPS-0165,spoken_countin_a,lyrical,brief_count_in_before_main_phrase,tiktok,medium,dated_feel,center_the_hook,one_two_three_before_hook,retro_signal
VPS-0166,spoken_countin_b,lyrical,brief_count_in_before_main_phrase,streaming,medium,listener_dropout,use_in_intro,casual_count_then_start,good_for_band_tracks
VPS-0167,spoken_countin_c,lyrical,brief_count_in_before_main_phrase,cross_platform,medium,context_misuse,use_in_pre_chorus,mini_count_into_lift,keep_it_short
VPS-0168,spoken_countin_d,lyrical,brief_count_in_before_main_phrase,both,medium,overused_trope,use_in_verse_section,hidden_count_buried_in_mix,fun_easter_egg
VPS-0169,spoken_countin_e,lyrical,brief_count_in_before_main_phrase,tiktok,medium,cringe_risk,center_the_hook,use_ironic_countbefore_drop,self_aware_joke
VPS-0170,spoken_countin_f,lyrical,brief_count_in_before_main_phrase,streaming,medium,execution_risk,use_in_outro,count_backwards_to_end,can_be_thematic
VPS-0171,slapback_echo_a,production,short_fast_echo_on_final_word,tiktok,medium,overused_trope,center_the_hook,use_slap_on_hook_ending,classic_rock_trick
VPS-0172,slapback_echo_b,production,short_fast_echo_on_final_word,streaming,medium,listener_dropout,use_in_pre_chorus,echo_key_word_before_chorus,keep_pre_delay_short
VPS-0173,slapback_echo_c,production,short_fast_echo_on_final_word,cross_platform,medium,context_misuse,use_in_verse_section,use_subtle_slap_for_thickness,avoid_tails_clashing
VPS-0174,slapback_echo_d,production,short_fast_echo_on_final_word,both,medium,noise_clutter,use_as_bridge,use_slap_on_bridge_climax,good_for_vocal_focus
VPS-0175,slapback_echo_e,production,short_fast_echo_on_final_word,tiktok,medium,cringe_risk,center_the_hook,use_obvious_slap_on_meme_word,lean_into_style
VPS-0176,slapback_echo_f,production,short_fast_echo_on_final_word,streaming,medium,execution_risk,use_in_outro,echo_last_phrase_then_cut,keeps_memory_of_line
VPS-0177,ascend_riff_a,production,ascending_riff_leading_into_hook,tiktok,high,overused_trope,center_the_hook,use_scale_up_into_drop,clear_signal_of_payoff
VPS-0178,ascend_riff_b,production,ascending_riff_leading_into_hook,streaming,high,listener_dropout,use_in_pre_chorus,arpeggio_rise_before_chorus,good_for_pop_rock
VPS-0179,ascend_riff_c,production,ascending_riff_leading_into_hook,cross_platform,medium,context_misuse,use_in_intro,use_riff_as_thematic_marker,avoid_too_many_uses
VPS-0180,ascend_riff_d,production,ascending_riff_leading_into_hook,both,medium,execution_risk,use_as_bridge,extended_rise_through_bridge,need_careful_arrangement
VPS-0181,ascend_riff_e,production,ascending_riff_leading_into_hook,tiktok,high,cringe_risk,center_the_hook,loop_top_of_rise_in_clips,works_with_visual_tension
VPS-0182,ascend_riff_f,production,ascending_riff_leading_into_hook,streaming,medium,listener_dropout,use_in_outro,use_riff_as_end_credit_feel,loop_and_fade
VPS-0183,cascade_harmony_a,production,layered_harmonies_falling_like_cascade,tiktok,high,noise_clutter,center_the_hook,stack_falling_vocals_on_hook,rich_pop_moment
VPS-0184,cascade_harmony_b,production,layered_harmonies_falling_like_cascade,streaming,medium,listener_dropout,use_in_pre_chorus,use_cascade_to_soften_lift,works_in_rnb
VPS-0185,cascade_harmony_c,production,layered_harmonies_falling_like_cascade,cross_platform,medium,context_misuse,use_in_verse_section,short_cascade_between_lines,avoid_overlayering
VPS-0186,cascade_harmony_d,production,layered_harmonies_falling_like_cascade,both,medium,execution_risk,use_as_bridge,bridge_full_of_falling_stacks,emotional_climax
VPS-0187,cascade_harmony_e,production,layered_harmonies_falling_like_cascade,tiktok,high,cringe_risk,center_the_hook,use_cascade_in_acapella_clip,control_reverb
VPS-0188,cascade_harmony_f,production,layered_harmonies_falling_like_cascade,streaming,medium,listener_dropout,use_in_outro,descend_harmonies_to_close,warm_finish
VPS-0189,triplet_flow_pop_a,lyrical,fast_triplet_rhythm_flow_section,tiktok,high,overused_trope,center_the_hook,triplet_run_over_drop,rap_pop_crossover
VPS-0190,triplet_flow_pop_b,lyrical,fast_triplet_rhythm_flow_section,streaming,medium,listener_dropout,use_in_verse_section,use_triplets_as_energy_spike,do_not_fill_whole_song
VPS-0191,triplet_flow_pop_c,lyrical,fast_triplet_rhythm_flow_section,cross_platform,medium,context_misuse,use_in_pre_chorus,brief_triplet_phrase_then_sustain,contrast_is_key
VPS-0192,triplet_flow_pop_d,lyrical,fast_triplet_rhythm_flow_section,both,medium,cringe_risk,use_as_bridge,triplet_bridge_for_technical_flex,appeals_to_headz
VPS-0193,triplet_flow_pop_e,lyrical,fast_triplet_rhythm_flow_section,tiktok,high,execution_risk,center_the_hook,triplet_clip_challenge,needs_clean_delivery
VPS-0194,triplet_flow_pop_f,lyrical,fast_triplet_rhythm_flow_section,streaming,medium,listener_dropout,use_in_outro,short_triplet_run_before_end,bonus_flair
VPS-0195,reverse_slice_fill_a,production,reverse_slice_fx_before_main_beat,tiktok,high,execution_risk,center_the_hook,reverse_slice_into_downbeat,perfect_for_edits
VPS-0196,reverse_slice_fill_b,production,reverse_slice_fx_before_main_beat,streaming,medium,listener_dropout,use_in_pre_chorus,one_reverse_hit_before_drop,avoid_phase_issues
VPS-0197,reverse_slice_fill_c,production,reverse_slice_fx_before_main_beat,cross_platform,medium,context_misuse,use_in_verse_section,reverse_piece_of_previous_bar,subtle_glue
VPS-0198,reverse_slice_fill_d,production,reverse_slice_fx_before_main_beat,both,medium,noise_clutter,use_as_bridge,reverse_longer_section_in_bridge,experimental_option
VPS-0199,reverse_slice_fill_e,production,reverse_slice_fx_before_main_beat,tiktok,high,cringe_risk,center_the_hook,use_reverse_hit_as_visual_sync,good_for_glitch_trends
VPS-0200,reverse_slice_fill_f,production,reverse_slice_fx_before_main_beat,streaming,medium,execution_risk,use_in_outro,reverse_tail_out_of_song,nonlinear_ending
VPS-0201,soft_falsetto_touch_a,lyrical,gentle_falsetto_note_for_color,tiktok,high,execution_risk,center_the_hook,hit_falsetto_on_key_word,intimate_spark
VPS-0202,soft_falsetto_touch_b,lyrical,gentle_falsetto_note_for_color,streaming,medium,listener_dropout,use_in_pre_chorus,use_soft_flip_to_head_voice,better_in_rnb_pop
VPS-0203,soft_falsetto_touch_c,lyrical,gentle_falsetto_note_for_color,cross_platform,medium,context_misuse,use_in_verse_section,sneak_falsetto_into_last_word,keep_auto_tune_light
VPS-0204,soft_falsetto_touch_d,lyrical,gentle_falsetto_note_for_color,both,medium,overused_trope,use_as_bridge,bridge_full_of_soft_falsettos,needs_dynamic_control
VPS-0205,soft_falsetto_touch_e,lyrical,gentle_falsetto_note_for_color,tiktok,high,cringe_risk,center_the_hook,use_falsetto_moment_for_clip,clean_vocals_required
VPS-0206,soft_falsetto_touch_f,lyrical,gentle_falsetto_note_for_color,streaming,medium,execution_risk,use_in_outro,last_soft_falsetto_before_silence,very_smooth_end
VPS-0207,ambient_intro_bed_a,production,soft_ambient_pad_opening_track,streaming,medium,listener_dropout,use_in_intro,hold_pads_before_rhythm,sets_mood
VPS-0208,ambient_intro_bed_b,production,soft_ambient_pad_opening_track,cross_platform,medium,context_misuse,use_in_pre_chorus,bring_back_ambient_under_vocals,keep_low_end_clean
VPS-0209,ambient_intro_bed_c,production,soft_ambient_pad_opening_track,both,medium,noise_clutter,use_in_verse_section,soft_pads_under_sparse_drums,good_for_atmosphere
VPS-0210,ambient_intro_bed_d,production,soft_ambient_pad_opening_track,tiktok,low,listener_dropout,center_the_hook,use_short_ambient_lead_in,clips_need_quick_payoff
VPS-0211,ambient_intro_bed_e,production,soft_ambient_pad_opening_track,streaming,medium,overused_trope,use_as_bridge,ambient_bridge_to_reset,works_in_lofi
VPS-0212,ambient_intro_bed_f,production,soft_ambient_pad_opening_track,streaming,medium,execution_risk,use_in_outro,fade_out_on_ambient_tail,cozy_finish
VPS-0213,clap_stack_pattern_a,production,stacked_clap_layers_for_impact,tiktok,high,noise_clutter,center_the_hook,wide_claps_on_two_and_four,great_for_dance
VPS-0214,clap_stack_pattern_b,production,stacked_clap_layers_for_impact,streaming,medium,listener_dropout,use_in_verse_section,add_claps_in_second_verse,builds_energy
VPS-0215,clap_stack_pattern_c,production,stacked_clap_layers_for_impact,cross_platform,medium,context_misuse,use_in_pre_chorus,clap_swell_before_drop,check_phase
VPS-0216,clap_stack_pattern_d,production,stacked_clap_layers_for_impact,both,medium,overused_trope,use_as_bridge,clap_break_with_chants,festival_ready
VPS-0217,clap_stack_pattern_e,production,stacked_clap_layers_for_impact,tiktok,high,cringe_risk,center_the_hook,clap_pattern_for_choreo,very_visual
VPS-0218,clap_stack_pattern_f,production,stacked_clap_layers_for_impact,streaming,medium,execution_risk,use_in_outro,claps_ringing_out_to_end,solid_finish
VPS-0219,sub_drop_signal_a,production,low_sub_hit_marking_section_change,tiktok,high,overused_trope,center_the_hook,subboom_on_downbeat,headphone_friendly
VPS-0220,sub_drop_signal_b,production,low_sub_hit_marking_section_change,streaming,medium,listener_dropout,use_in_pre_chorus,use_single_sub_hit_before_chorus,keep_headroom
VPS-0221,sub_drop_signal_c,production,low_sub_hit_marking_section_change,cross_platform,medium,context_misuse,use_in_verse_section,rare_sub_hits_for_accent,avoid_constant_rumble
VPS-0222,sub_drop_signal_d,production,low_sub_hit_marking_section_change,both,medium,noise_clutter,use_as_bridge,sub_drops_on_bridge_hits,works_in_trap
VPS-0223,sub_drop_signal_e,production,low_sub_hit_marking_section_change,tiktok,high,cringe_risk,center_the_hook,subboom_for_slow_motion_edits,watch_mobilespeakers
VPS-0224,sub_drop_signal_f,production,low_sub_hit_marking_section_change,streaming,medium,execution_risk,use_in_outro,last_sub_hit_before_silence,dramatic_close
VPS-0225,filter_sweep_rise_a,production,filter_sweep_building_tension_up,tiktok,high,overused_trope,center_the_hook,classic_riser_into_drop,instant_expectation
VPS-0226,filter_sweep_rise_b,production,filter_sweep_building_tension_up,streaming,high,listener_dropout,use_in_pre_chorus,slow_sweep_over_4_or_8_bars,industry_standard
VPS-0227,filter_sweep_rise_c,production,filter_sweep_building_tension_up,cross_platform,medium,context_misuse,use_in_intro,mini_sweep_into_main_groove,stay_tasteful
VPS-0228,filter_sweep_rise_d,production,filter_sweep_building_tension_up,both,medium,noise_clutter,use_as_bridge,filter_everything_down_then_up,manage_frequencies
VPS-0229,filter_sweep_rise_e,production,filter_sweep_building_tension_up,tiktok,high,cringe_risk,center_the_hook,super_obvious_sweep_for_meme_drops,good_if_intentional
VPS-0230,filter_sweep_rise_f,production,filter_sweep_building_tension_up,streaming,medium,execution_risk,use_in_outro,reverse_sweep_out_of_song,slightly_unusual
VPS-0231,vocal_chop_loop_a,production,chopped_vocal_loop_as_hook_element,tiktok,high,overused_trope,center_the_hook,use_single_chopped_phrase_for_hook,modern_pop_core
VPS-0232,vocal_chop_loop_b,production,chopped_vocal_loop_as_hook_element,streaming,medium,listener_dropout,use_in_pre_chorus,let_vocal_chop_lead_into_words,blend_with_lead
VPS-0233,vocal_chop_loop_c,production,chopped_vocal_loop_as_hook_element,cross_platform,medium,context_misuse,use_in_verse_section,use_chops_as_texture_not_main,avoid_overpitching
VPS-0234,vocal_chop_loop_d,production,chopped_vocal_loop_as_hook_element,both,medium,noise_clutter,use_as_bridge,break_to_chop_only_bridge,edm_ready
VPS-0235,vocal_chop_loop_e,production,chopped_vocal_loop_as_hook_element,tiktok,high,cringe_risk,center_the_hook,use_chop_for_dance_challenge,keep_phrase_short
VPS-0236,vocal_chop_loop_f,production,chopped_vocal_loop_as_hook_element,streaming,medium,execution_risk,use_in_outro,fade_out_on_chopped_hook,keeps_melody_in_head
VPS-0237,tagline_repeat_a,lyrical,brand_like_tagline_repeated_in_song,tiktok,high,overused_trope,center_the_hook,repeat_tagline_every_clip,builds_identity
VPS-0238,tagline_repeat_b,lyrical,brand_like_tagline_repeated_in_song,streaming,medium,listener_dropout,use_in_verse_section,tagline_at_end_of_verse,anchor_listener
VPS-0239,tagline_repeat_c,lyrical,brand_like_tagline_repeated_in_song,cross_platform,medium,context_misuse,use_in_pre_chorus,tagline_half_line_before_hook,avoid_forced_inserts
VPS-0240,tagline_repeat_d,lyrical,brand_like_tagline_repeated_in_song,both,medium,cringe_risk,use_as_bridge,bridge_built_around_tagline,works_if_theme_strong
VPS-0241,tagline_repeat_e,lyrical,brand_like_tagline_repeated_in_song,tiktok,high,cheese_factor,center_the_hook,use_tagline_in_challenge_caption,clearly_ownable_phrase
VPS-0242,tagline_repeat_f,lyrical,brand_like_tagline_repeated_in_song,streaming,medium,execution_risk,use_in_outro,end_on_tagline_for_memory,classic_radio_move
VPS-0243,delay_throw_word_a,production,single_word_with_big_delay_throw,tiktok,medium,overused_trope,center_the_hook,throw_delay_on_last_word,dramatic_trail
VPS-0244,delay_throw_word_b,production,single_word_with_big_delay_throw,streaming,medium,listener_dropout,use_in_pre_chorus,delay_throw_on_setup_word,watch_clutter
VPS-0245,delay_throw_word_c,production,single_word_with_big_delay_throw,cross_platform,medium,context_misuse,use_in_verse_section,highlight_one_important_term,keep_feedback_low
VPS-0246,delay_throw_word_d,production,single_word_with_big_delay_throw,both,medium,noise_clutter,use_as_bridge,delay_throw_on_bridge_climax,good_for_singers
VPS-0247,delay_throw_word_e,production,single_word_with_big_delay_throw,tiktok,medium,cringe_risk,center_the_hook,delay_throw_tied_to_edit_cut,watch_tail_length
VPS-0248,delay_throw_word_f,production,single_word_with_big_delay_throw,streaming,medium,execution_risk,use_in_outro,last_word_throw_to_reverb,spacey_ending
VPS-0249,stop_start_groove_a,structure,groove_stops_and_restarts_dramatically,tiktok,high,execution_risk,center_the_hook,hard_stop_then_smash_back_in,huge_for_edits
VPS-0250,stop_start_groove_b,structure,groove_stops_and_restarts_dramatically,streaming,medium,listener_dropout,use_in_pre_chorus,short_stop_to_build_tension,careful_with_silence_length
VPS-0251,stop_start_groove_c,structure,groove_stops_and_restarts_dramatically,cross_platform,medium,context_misuse,use_in_verse_section,one_stop_in_second_verse,avoid_overuse
VPS-0252,stop_start_groove_d,structure,groove_stops_and_restarts_dramatically,both,medium,noise_clutter,use_as_bridge,bridge_with_multiple_stops,complex_but_fun
VPS-0253,stop_start_groove_e,structure,groove_stops_and_restarts_dramatically,tiktok,high,cringe_risk,center_the_hook,stop_on_meme_word_then_drop,align_with_visual_freeze
VPS-0254,stop_start_groove_f,structure,groove_stops_and_restarts_dramatically,streaming,medium,execution_risk,use_in_outro,final_stop_then_one_last_hit,satisfying_closer
VPS-0255,double_hook_variant_a,structure,two_versions_of_hook_back_to_back,streaming,high,listener_dropout,center_the_hook,hook_a_then_hook_b,shows_range
VPS-0256,double_hook_variant_b,structure,two_versions_of_hook_back_to_back,tiktok,medium,context_misuse,use_in_pre_chorus,preview_alt_hook_before_main,good_for_a_b_testing
VPS-0257,double_hook_variant_c,structure,two_versions_of_hook_back_to_back,cross_platform,medium,overused_trope,use_in_verse_section,use_alt_hook_as_motif,can_confuse_if_unclear
VPS-0258,double_hook_variant_d,structure,two_versions_of_hook_back_to_back,both,medium,execution_risk,use_as_bridge,bridge_bridge_between_versions,interesting_for_fans
VPS-0259,double_hook_variant_e,structure,two_versions_of_hook_back_to_back,tiktok,medium,cringe_risk,center_the_hook,use_two_hooks_for_dual_trend,risk_of_split_focus
VPS-0260,double_hook_variant_f,structure,two_versions_of_hook_back_to_back,streaming,medium,listener_dropout,use_in_outro,alternate_hooks_until_fade,for_extended_versions
VPS-0261,post_hook_tag_a,lyrical,short_tag_line_after_main_hook,tiktok,high,overused_trope,center_the_hook,use_micro_tag_to_button_hook,great_for_memes
VPS-0262,post_hook_tag_b,lyrical,short_tag_line_after_main_hook,streaming,medium,listener_dropout,use_in_pre_chorus,let_tag_hint_at_hook_theme,keep_under_one_bar
VPS-0263,post_hook_tag_c,lyrical,short_tag_line_after_main_hook,cross_platform,medium,context_misuse,use_in_verse_section,use_tag_as_character_catchphrase,avoid_force
VPS-0264,post_hook_tag_d,lyrical,short_tag_line_after_main_hook,both,medium,cringe_risk,use_as_bridge,bridge_repeating_post_tag,makes_song_feel_branded
VPS-0265,post_hook_tag_e,lyrical,short_tag_line_after_main_hook,tiktok,high,cheese_factor,center_the_hook,use_tag_for_hashtag_phrase,design_for_captioning
VPS-0266,post_hook_tag_f,lyrical,short_tag_line_after_main_hook,streaming,medium,execution_risk,use_in_outro,final_tag_before_silence,locks_memory
VPS-0267,callout_city_line_a,lyrical,line_calling_out_place_or_scene,tiktok,high,context_misuse,center_the_hook,name_city_in_hook_line,works_when_authentic
VPS-0268,callout_city_line_b,lyrical,line_calling_out_place_or_scene,streaming,medium,listener_dropout,use_in_verse_section,place_line_in_story_context,avoid_random_name_drops
VPS-0269,callout_city_line_c,lyrical,line_calling_out_place_or_scene,cross_platform,medium,cringe_risk,use_in_pre_chorus,use_place_name_as_emotional_anchor,not_only_for_flex
VPS-0270,callout_city_line_d,lyrical,line_calling_out_place_or_scene,both,medium,overused_trope,use_as_bridge,bridge_listing_places,travel_song_vibe
VPS-0271,callout_city_line_e,lyrical,line_calling_out_place_or_scene,tiktok,high,cringe_risk,center_the_hook,use_place_line_for_local_trend,regional_virality_potential
VPS-0272,callout_city_line_f,lyrical,line_calling_out_place_or_scene,streaming,medium,execution_risk,use_in_outro,whisper_place_name_on_last_line,subtle_effect
VPS-0273,microbridge_switch_a,structure,very_short_bridge_between_sections,tiktok,medium,listener_dropout,center_the_hook,use_two_bar_microbridge_for_clip,fast_reset
VPS-0274,microbridge_switch_b,structure,very_short_bridge_between_sections,streaming,medium,context_misuse,use_in_bridge,use_microbridge_when_full_bridge_too_long,careful_with_flow
VPS-0275,microbridge_switch_c,structure,very_short_bridge_between_sections,cross_platform,medium,overused_trope,use_in_pre_chorus,mini_section_to_break_repetition,keep_hook_clear
VPS-0276,microbridge_switch_d,structure,very_short_bridge_between_sections,both,medium,execution_risk,use_in_verse_section,insert_microbridge_before_second_hook,for_variety_only
VPS-0277,microbridge_switch_e,structure,very_short_bridge_between_sections,tiktok,medium,cringe_risk,center_the_hook,use_microbridge_only_in_full_song,clips_can_skip_it
VPS-0278,microbridge_switch_f,structure,very_short_bridge_between_sections,streaming,medium,listener_dropout,use_in_outro,use_microbridge_before_final_tag,neat_small_twist
VPS-0279,riff_reply_pattern_a,production,instrument_riff_answering_vocal_line,tiktok,medium,noise_clutter,center_the_hook,call_vocal_reply_riff,classic_pop_move
VPS-0280,riff_reply_pattern_b,production,instrument_riff_answering_vocal_line,streaming,medium,listener_dropout,use_in_verse_section,guitar_or_synth_reply_to_line,keeps_interest
VPS-0281,riff_reply_pattern_c,production,instrument_riff_answering_vocal_line,cross_platform,medium,context_misuse,use_in_pre_chorus,short_reply_motif_before_hook,avoid_competing_with_vocal
VPS-0282,riff_reply_pattern_d,production,instrument_riff_answering_vocal_line,both,medium,overused_trope,use_as_bridge,bridge_conversation_between_voice_and_riff,fun_to_arrange
VPS-0283,riff_reply_pattern_e,production,instrument_riff_answering_vocal_line,tiktok,medium,cringe_risk,center_the_hook,make_riff_memeable,works_if_catchy
VPS-0284,riff_reply_pattern_f,production,instrument_riff_answering_vocal_line,streaming,medium,execution_risk,use_in_outro,alternating_voice_and_riff_to_end,cinematic_feel
VPS-0285,drop_out_beat_a,structure,full_beat_of_silence_before_return,tiktok,high,execution_risk,center_the_hook,one_bar_silence_then_smash_drop,massive_if_timed_well
VPS-0286,drop_out_beat_b,structure,full_beat_of_silence_before_return,streaming,medium,listener_dropout,use_in_pre_chorus,pause_before_main_chorus,high_tension
VPS-0287,drop_out_beat_c,structure,full_beat_of_silence_before_return,cross_platform,medium,context_misuse,use_in_verse_section,use_short_half_bar_drop_out,less_risky
VPS-0288,drop_out_beat_d,structure,full_beat_of_silence_before_return,both,medium,overused_trope,use_as_bridge,multiple_short_drop_outs_in_bridge,advanced_effect
VPS-0289,drop_out_beat_e,structure,full_beat_of_silence_before_return,tiktok,high,cringe_risk,center_the_hook,use_silence_with_visual_freeze,feels_deliberate_if_synced
VPS-0290,drop_out_beat_f,structure,full_beat_of_silence_before_return,streaming,medium,execution_risk,use_in_outro,drop_out_then_final_chord,memorable_finish
VPS-0291,rhythmic_chant_stack_a,lyrical,stacked_chant_layer_for_rhythm,tiktok,high,noise_clutter,center_the_hook,chant_stack_on_backbeat,perfect_for_mob_energy
VPS-0292,rhythmic_chant_stack_b,lyrical,stacked_chant_layer_for_rhythm,streaming,medium,listener_dropout,use_in_verse_section,use_low_level_chants_under_lead,keep_midrange_controlled
VPS-0293,rhythmic_chant_stack_c,lyrical,stacked_chant_layer_for_rhythm,cross_platform,medium,context_misuse,use_in_pre_chorus,call_chants_before_full_hook,align_with_claps
VPS-0294,rhythmic_chant_stack_d,lyrical,stacked_chant_layer_for_rhythm,both,medium,overused_trope,use_as_bridge,chant_bridge_for_singalong,festival_friendly
VPS-0295,rhythmic_chant_stack_e,lyrical,stacked_chant_layer_for_rhythm,tiktok,high,cringe_risk,center_the_hook,chant_phrase_as_trend_hook,keep_text_simple
VPS-0296,rhythmic_chant_stack_f,lyrical,stacked_chant_layer_for_rhythm,streaming,medium,execution_risk,use_in_outro,chant_fade_out_with_crowd_feel,reminds_of_live_show
VPS-0297,bass_melody_lead_a,production,bassline_carrying_primary_melody,streaming,high,listener_dropout,center_the_hook,use_melodic_bass_on_hook,feels_modern_and_driven
VPS-0298,bass_melody_lead_b,production,bassline_carrying_primary_melody,tiktok,medium,context_misuse,use_in_pre_chorus,show_bass_melody_in_clip,avoid_muddy_low_end
VPS-0299,bass_melody_lead_c,production,bassline_carrying_primary_melody,cross_platform,medium,noise_clutter,use_in_verse_section,use_bass_to_answer_vocal,can_replace_pads
VPS-0300,bass_melody_lead_d,production,bassline_carrying_primary_melody,both,medium,execution_risk,use_as_bridge,bridge_where_bass_sings_tune,needs_mixing_space
VPS-0301,bass_melody_lead_e,production,bassline_carrying_primary_melody,tiktok,medium,cringe_risk,center_the_hook,use_bass_melody_for_dance_trend,visible_in_visualizer
VPS-0302,bass_melody_lead_f,production,bassline_carrying_primary_melody,streaming,medium,listener_dropout,use_in_outro,let_bassline_close_song,low_key_finish
VPS-0303,percussion_teaser_a,production,teaser_percussion_pattern_before_full_beat,tiktok,medium,listener_dropout,center_the_hook,short_perc_loop_before_drop,good_for_building_hunger
VPS-0304,percussion_teaser_b,production,teaser_percussion_pattern_before_full_beat,streaming,medium,context_misuse,use_in_intro,hints_of_full_rhythm,do_not_overextend
VPS-0305,percussion_teaser_c,production,teaser_percussion_pattern_before_full_beat,cross_platform,medium,overused_trope,use_in_pre_chorus,percussion_driven_lift,careful_with_topend
VPS-0306,percussion_teaser_d,production,teaser_percussion_pattern_before_full_beat,both,medium,execution_risk,use_in_verse_section,switch_to_teaser_pattern_mid_verse,adds_interest
VPS-0307,percussion_teaser_e,production,teaser_percussion_pattern_before_full_beat,tiktok,medium,cringe_risk,center_the_hook,use_teaser_for_transition_edits,clear_groove_needed
VPS-0308,percussion_teaser_f,production,teaser_percussion_pattern_before_full_beat,streaming,medium,listener_dropout,use_in_outro,strip_back_to_teaser_rhythm,fade_with_taste
